identifier,label,set
KORC_METJA,1,train
TF2B2_SULSO,1,train
RFCS_THEAC,1,train
The46,1,train
The954,1,train
GCSPA_SULAC,1,train
CSRA_THEMA,1,train
The184,1,train
The436,1,train
LGT_THET8,1,train
TRM1_SULSO,1,train
HIS4_PYRFU,1,train
TRM1_AERPE,1,train
Y638_METKA,1,train
The241,1,train
HDRA1_METKA,1,train
The1199,1,train
RS17E_SULSO,1,train
The280,1,train
Y228_METKA,1,train
DESR_ARCFU,1,train
LYSK_AERPE,1,train
The447,1,train
The985,1,train
NADE1_THEMA,1,train
The168,1,train
The18,1,train
The267,1,train
MRE11_SULTO,1,train
PYRE_THEMA,1,train
THI4_THEMA,1,train
The640,1,train
MOAA_METKA,1,train
The829,1,train
FRHB_METJA,1,train
MTRH_METKA,1,train
The864,1,train
MOAA_SULAC,1,train
The41,1,train
Y941_METKA,1,train
MTNN_THEMA,1,train
The314,1,train
RS14_SULTO,1,train
RGYR2_AERPE,1,train
RS25_SULSO,1,train
The353,1,train
The175,1,train
TRM1_THEAC,1,train
RNP2_METKA,1,train
The490,1,train
APT_THEMA,1,train
The106,1,train
The542,1,train
The495,1,train
The936,1,train
MTM3_METJA,1,train
The67,1,train
PCNA_THEAC,1,train
The1019,1,train
The616,1,train
The115,1,train
ACDG_METJA,1,train
MTRE_METJA,1,train
PCRB_AERPE,1,train
The1268,1,train
RS3A_THEAC,1,train
The567,1,train
ARBL_THET2,1,train
The830,1,train
RL18_THEMA,1,train
RS27A_SULSO,1,train
UVRA_THEMA,1,train
The1081,1,train
KTHY_THET2,1,train
The1021,1,train
The730,1,train
Y963_METKA,1,train
HISX_METKA,1,train
KIME_PYRAB,1,train
RRF_THEMA,1,train
PYRE_SULSO,1,train
RAD50_THEMA,1,train
PFDA2_METJA,1,train
CBIT_SULAC,1,train
The971,1,train
DP2L_ARCFU,1,train
The515,1,train
PUR7_THEAC,1,train
The889,1,train
KITH_PYRAE,1,train
The1280,1,train
The928,1,train
The420,1,train
The1138,1,train
The603,1,train
VHUA_METJA,1,train
The480,1,train
VATE_THEAC,1,train
ATPE_THEMA,1,train
RADC_THEMA,1,train
ILVD_PYRAE,1,train
MOAE_THEVO,1,train
GLMS_SULAC,1,train
The501,1,train
The644,1,train
PUR8_METJA,1,train
THIE_PYRAB,1,train
The1178,1,train
The859,1,train
The442,1,train
CHER_THEMA,1,train
HMDY_METJA,1,train
The627,1,train
RL20_THEMA,1,train
PFDA_THEAC,1,train
DBH_THEAC,1,train
HOSC_THET2,1,train
MFNA_METKA,1,train
AROKB_THEMA,1,train
PFDB_AERPE,1,train
The1113,1,train
The167,1,train
The564,1,train
MIAA_THEMA,1,train
LIPA_SULAC,1,train
GCH3_SULSO,1,train
MTRA_METKA,1,train
The384,1,train
The72,1,train
AQPM_METTM,1,train
LYSK_SULSO,1,train
DNAJ2_THET8,1,train
THYX_PYRAE,1,train
NPD1_PYRAE,1,train
ATKB_THEVO,1,train
The798,1,train
DNAK_THET8,1,train
GUAAA_SULSO,1,train
GCH2_THEMA,1,train
The1144,1,train
The366,1,train
The725,1,train
The1129,1,train
MTM6_METJA,1,train
The32,1,train
The934,1,train
The747,1,train
RNH2_AERPE,1,train
LYSK_PYRAE,1,train
ATPB_THEMA,1,train
TILS_THEMA,1,train
RS8E_AERPE,1,train
COFH_METTH,1,train
RL44_PYRAB,1,train
PHOU_METJA,1,train
NADB_PYRAB,1,train
RISB_THEMA,1,train
COBS_METKA,1,train
APT_METTH,1,train
RL29_SULTO,1,train
ARLY_METJA,1,train
ADEC_METKA,1,train
The1018,1,train
The79,1,train
PURA_METJA,1,train
RS8_AERPE,1,train
SYM_PYRFU,1,train
DCD_METKA,1,train
DPOL_ARCFU,1,train
The841,1,train
The362,1,train
SYI_THEMA,1,train
VATE_METKA,1,train
LEU1_THETH,1,train
PYRD_METJA,1,train
MTRC_METJA,1,train
IF6_SULTO,1,train
RNP1_AERPE,1,train
The1120,1,train
Y932_METKA,1,train
The539,1,train
PIP_SULSO,1,train
The325,1,train
KCY_THEMA,1,train
The505,1,train
RS4_THEVO,1,train
ARLY_METKA,1,train
The118,1,train
SECG_SULTO,1,train
RL7A_PYRAE,1,train
The524,1,train
The987,1,train
SELB_METJA,1,train
The1251,1,train
GLMS_METJA,1,train
NIKR_METKA,1,train
Y666_METKA,1,train
NUSA_THEAC,1,train
The25,1,train
The636,1,train
The532,1,train
SECY_AERPE,1,train
The570,1,train
IPYR_AERPE,1,train
The482,1,train
KPRS1_ARCFU,1,train
The85,1,train
RNP2_SULSO,1,train
PPNK_AERPE,1,train
PUR2_METKA,1,train
EF1A_PYRAE,1,train
The153,1,train
HIS81_ARCFU,1,train
DP2L_METKA,1,train
IF2P_PYRFU,1,train
SRP19_AERPE,1,train
The470,1,train
RPOL_PYRAE,1,train
PFDA1_METJA,1,train
ATKA_THEAC,1,train
The733,1,train
The17,1,train
The133,1,train
The766,1,train
RS15_PYRAB,1,train
FDHA_METJA,1,train
NFI_SULSO,1,train
The665,1,train
PFDA_AERPE,1,train
GATB_AERPE,1,train
HIS7_THEMA,1,train
The1133,1,train
RS10_PYRAE,1,train
CDC62_SULTO,1,train
TRPD_SULTO,1,train
RNZ_SULTO,1,train
COFG_METKA,1,train
The196,1,train
MCRC_METJA,1,train
DAPA_THEAC,1,train
The1288,1,train
The1252,1,train
CBID_SULAC,1,train
RNP3_PYRFU,1,train
AOX1_AERPE,1,train
The339,1,train
The653,1,train
TRM1_PYRAE,1,train
The804,1,train
RLA0_METKA,1,train
SYK_METKA,1,train
CRCB_METKA,1,train
The876,1,train
HEM2_METJA,1,train
The48,1,train
AROD_SULSO,1,train
The117,1,train
GID_THEMA,1,train
KHSE_THEMA,1,train
SYFB_PYRAE,1,train
Y350_METKA,1,train
The9,1,train
The1202,1,train
The257,1,train
GCH3_AERPE,1,train
SUI1_PYRAE,1,train
TRKA_PYRAB,1,train
GUAAA_THEVO,1,train
The179,1,train
LEU12_METJA,1,train
RL24E_METKA,1,train
The1327,1,train
RL2_THEMA,1,train
HIS4_PYRAE,1,train
PYRC_AERPE,1,train
The1118,1,train
The275,1,train
RPIA_THEAC,1,train
HEM1_AERPE,1,train
The108,1,train
LPLA_THEAC,1,train
The1121,1,train
PYRF_METJA,1,train
The1134,1,train
The897,1,train
The1262,1,train
RS24_METKA,1,train
The114,1,train
RPOA1_METJA,1,train
The1171,1,train
The1116,1,train
The373,1,train
The1163,1,train
The808,1,train
RL30_THEMA,1,train
The528,1,train
Y748_METKA,1,train
UPPS_METJA,1,train
The446,1,train
The783,1,train
COABC_METJA,1,train
KADA_AERPE,1,train
MTRD_METJA,1,train
RL3_METKA,1,train
GATE_THEAC,1,train
RPOK_PYRAE,1,train
NFI_PYRAB,1,train
The1278,1,train
The531,1,train
RS9_THEMA,1,train
The604,1,train
MRE11_AERPE,1,train
The817,1,train
ACDE_METTH,1,train
EF2_METKA,1,train
The802,1,train
RL35A_AERPE,1,train
The759,1,train
The555,1,train
TRPD_THEVO,1,train
RS6E_PYRAE,1,train
RL37_AERPE,1,train
COAD_METTH,1,train
RS3_PYRAE,1,train
The12,1,train
The468,1,train
VATA_PYRAE,1,train
The486,1,train
SYFA_PYRAE,1,train
SURE_METJA,1,train
COBS_METJA,1,train
The891,1,train
RL10_THEVO,1,train
Y1214_METKA,1,train
LEXA_THEMA,1,train
PURL_ARCFU,1,train
THIE_THEAC,1,train
The683,1,train
The552,1,train
NUSA_METJA,1,train
The68,1,train
GCH1_PYRAE,1,train
IF1A_SULSO,1,train
The1323,1,train
ASPD_METKA,1,train
FRXA_PYRFU,1,train
The671,1,train
The913,1,train
DPO3A_THEMA,1,train
RLA0_PYRAE,1,train
VHUG_METJA,1,train
RLA0_AERPE,1,train
The879,1,train
The899,1,train
SELD_METJA,1,train
The699,1,train
The191,1,train
The1261,1,train
RNP3_ARCFU,1,train
VATC_PYRAB,1,train
VATI_PYRAB,1,train
The423,1,train
FDHD_THEAC,1,train
RS13_SULTO,1,train
ACDE_METJA,1,train
KHSE_METKA,1,train
The716,1,train
MRAY_THEMA,1,train
MOAE_PYRAB,1,train
RPOD_METKA,1,train
IORA_PYRAB,1,train
PYRK_METKA,1,train
RPOA2_AERPE,1,train
RS15_THEMA,1,train
DAPA_METKA,1,train
SFSA_PYRFU,1,train
PSS_METJA,1,train
PUR6_ARCFU,1,train
The614,1,train
SAT_AERPE,1,train
RADB_ARCFU,1,train
The406,1,train
The1012,1,train
KIME_AERPE,1,train
The811,1,train
The554,1,train
The499,1,train
The1223,1,train
The1095,1,train
FTSZ_THEAC,1,train
SYFB_THEMA,1,train
ARGB_AERPE,1,train
IF6_THEVO,1,train
THIM_PYRAB,1,train
The1055,1,train
HIS7_METKA,1,train
AROC_SULSO,1,train
The1286,1,train
TRKA_ARCFU,1,train
SYFB_METKA,1,train
The718,1,train
PCNA3_AERPE,1,train
VATI_ARCFU,1,train
The719,1,train
The448,1,train
The540,1,train
DAPF_METJA,1,train
The1045,1,train
PUR5_METJA,1,train
The1170,1,train
The625,1,train
Y273_METKA,1,train
RL36_THEMA,1,train
UPPS_AERPE,1,train
The697,1,train
KAD_PYRFU,1,train
The721,1,train
PDAD_METKA,1,train
GPDA_THET2,1,train
The837,1,train
The768,1,train
ACP_THEMA,1,train
SYK_THEMA,1,train
The796,1,train
PROB_THEMA,1,train
The976,1,train
CBIX_METJA,1,train
The312,1,train
The466,1,train
Y1005_METKA,1,train
The457,1,train
The1206,1,train
KHSE_AERPE,1,train
PSMR_METKA,1,train
The635,1,train
KORB_METJA,1,train
The331,1,train
RL1_THEMA,1,train
The1325,1,train
VATD_THEAC,1,train
The1233,1,train
The633,1,train
KPRS_PYRAE,1,train
PYRH_THEMA,1,train
The403,1,train
The827,1,train
SYT_THEAC,1,train
DNLI_METJA,1,train
SYFA_THEAC,1,train
SYI_PYRAB,1,train
The844,1,train
The55,1,train
AROD_THEVO,1,train
The103,1,train
VATI_THEAC,1,train
RL18_AERPE,1,train
The142,1,train
RPOB_THEMA,1,train
PYRC_THEVO,1,train
Y224_METKA,1,train
The806,1,train
The637,1,train
The439,1,train
GLYA_THEMA,1,train
KPYK_THEAC,1,train
CCA_AERPE,1,train
ACPS_THEMA,1,train
LYSW_SULTO,1,train
AOX4_AERPE,1,train
Y400_METKA,1,train
The742,1,train
The1105,1,train
KADA_PYRAB,1,train
COAD_THEVO,1,train
The62,1,train
RL17_THEMA,1,train
RPOB_THEAC,1,train
The583,1,train
TRPB2_PYRAB,1,train
KSGA_THEMA,1,train
The1277,1,train
PURQ_METJA,1,train
UBIE_THEMA,1,train
The474,1,train
RS25_AERPE,1,train
The1305,1,train
PGP1_SULSO,1,train
RAD50_ARCFU,1,train
The1139,1,train
The1153,1,train
GYAR_PYRFU,1,train
NUSG_THEMA,1,train
The249,1,train
The1103,1,train
The10,1,train
PGP2_SULSO,1,train
VAT_THEAC,1,train
The1127,1,train
Y039_METKA,1,train
The880,1,train
The969,1,train
MALE_PYRAB,1,train
The711,1,train
RNP2_AERPE,1,train
MRE11_ARCFU,1,train
The475,1,train
PFDA_PYRAE,1,train
FTRL_ARCFU,1,train
The785,1,train
RAD50_SULSO,1,train
VATA_THEVO,1,train
AMID_SULSO,1,train
The1239,1,train
The978,1,train
The1057,1,train
The1190,1,train
The204,1,train
RBLL_ARCFU,1,train
The425,1,train
COMB_METTH,1,train
The1142,1,train
PTH_THEMA,1,train
The937,1,train
The160,1,train
FDHD_METJA,1,train
The881,1,train
The1296,1,train
HIS1_SULSO,1,train
The825,1,train
The157,1,train
TRPA_METJA,1,train
SYW_AERPE,1,train
The503,1,train
IF2G_ARCFU,1,train
KAD6_METKA,1,train
The792,1,train
RS3A_AERPE,1,train
The1204,1,train
PYREL_ARCFU,1,train
AOX2_AERPE,1,train
The684,1,train
SYR_THEMA,1,train
HIS7_PYRFU,1,train
The496,1,train
MDH_METKA,1,train
The483,1,train
CH10_THET8,1,train
VATF_THEAC,1,train
KPRS_SULSO,1,train
RFCS_METJA,1,train
AOR_PYRAB,1,train
The593,1,train
The702,1,train
EGSA_AERPE,1,train
RIMM_THEMA,1,train
The1205,1,train
The1306,1,train
PURQ_ARCFU,1,train
KSGA_METKA,1,train
HCP_METJA,1,train
The1075,1,train
RF1_AERPE,1,train
The1198,1,train
RGYR2_SULSO,1,train
The700,1,train
The1088,1,train
The91,1,train
TF2B_PYRAE,1,train
SUMT_METJA,1,train
The1303,1,train
DHYS_PYRFU,1,train
The1033,1,train
MVIN_THEMA,1,train
Y485_METKA,1,train
RL22_PYRAE,1,train
The1238,1,train
The1096,1,train
The367,1,train
The1013,1,train
The626,1,train
HDRC1_METJA,1,train
The1291,1,train
PGK2_METKA,1,train
RS4E_THEAC,1,train
The1259,1,train
PYRC_METJA,1,train
PYREL_THEVO,1,train
LEUD_THET8,1,train
TRPE_METJA,1,train
The776,1,train
RS27_AERPE,1,train
GLNA_METJA,1,train
The323,1,train
SECY_PYRAB,1,train
HEMTL_METJA,1,train
DTD_THET8,1,train
KHSE_THET2,1,train
KTHY_SULAC,1,train
CHEB_PYRAB,1,train
SYL1_SULSO,1,train
SYGB_THEMA,1,train
The538,1,train
The31,1,train
SYM_PYRAE,1,train
RECJ_METJA,1,train
The262,1,train
The1123,1,train
The516,1,train
CBSA_SULSO,1,train
The649,1,train
AROD_METTH,1,train
The121,1,train
DPHB_METKA,1,train
The763,1,train
The797,1,train
RS19E_AERPE,1,train
The1309,1,train
The365,1,train
Y507_METKA,1,train
TOP1_AERPE,1,train
The65,1,train
The73,1,train
KCY_THET2,1,train
The778,1,train
URE23_SULTO,1,train
MIND_THEMA,1,train
TRI_THEAC,1,train
HEM1_ARCFU,1,train
SYM_METKA,1,train
RL14_PYRAB,1,train
The1001,1,train
RS17E_THEAC,1,train
PYRC_PYRAE,1,train
CBIM_METJA,1,train
GCH1_SULTO,1,train
Y1379_METKA,1,train
SYE_THEAC,1,train
ARGD_SULSO,1,train
RUXX_THEVO,1,train
The1258,1,train
RISB_AERPE,1,train
RS24_PYRAE,1,train
The1084,1,train
RL30_AERPE,1,train
COBS_SULSO,1,train
The904,1,train
The1140,1,train
TF2B_AERPE,1,train
HDRB_METKA,1,train
The789,1,train
RS19_PYRAE,1,train
HYPA_METKA,1,train
RAD50_THEVO,1,train
CBSB_SULSO,1,train
RPOD_THEVO,1,train
SYH_PYRAE,1,train
The88,1,train
RS7_PYRAE,1,train
The166,1,train
PPNK_METKA,1,train
DHYS_METKA,1,train
The522,1,train
FDHB_METJA,1,train
AROE_THEMA,1,train
SERA_ARCFU,1,train
SYD_AERPE,1,train
The441,1,train
RS30_AERPE,1,train
The1281,1,train
The629,1,train
The23,1,train
Y866_METKA,1,train
GYRB_THEMA,1,train
TRPA_SULSO,1,train
ASSY_PYRFU,1,train
KIME_ARCFU,1,train
DCD_PYRFU,1,train
Y1503_METKA,1,train
RL33_THEMA,1,train
HIS4_SULSO,1,train
AMPM_METTH,1,train
PTPS_PYRAB,1,train
NIFH_METJA,1,train
RPON_THEVO,1,train
The810,1,train
AROK_THEAC,1,train
SECY_ARCFU,1,train
The840,1,train
GYRA_THEMA,1,train
The453,1,train
SYR_THEAC,1,train
SODF_AERPE,1,train
The1265,1,train
IF1A_PYRAE,1,train
MTRC_METKA,1,train
RPOL_SULTO,1,train
TRUA_ARCFU,1,train
The518,1,train
PGP_ARCFU,1,train
The746,1,train
HIS4_THET2,1,train
SYG_AERPE,1,train
T1214_ARCFU,1,train
PRIM_THEMA,1,train
NADE_SULTO,1,train
TF2B_METJA,1,train
The868,1,train
ISPG_THEMA,1,train
TGT_THEMA,1,train
HISX_SULSO,1,train
THYX_AERPE,1,train
ADEC_ARCFU,1,train
The579,1,train
The848,1,train
BIOD_METJA,1,train
PDXT_PYRAE,1,train
IF2A_AERPE,1,train
RNZ_AERPE,1,train
TRUA_PYRFU,1,train
DPOL1_AERPE,1,train
RPOD_PYRAE,1,train
TRUA_THEMA,1,train
PIMT_AERPE,1,train
RL25_THEMA,1,train
The784,1,train
G6PD_THEMA,1,train
SURE_AERPE,1,train
The1273,1,train
RNH2_THEAC,1,train
AROD_PYRFU,1,train
The385,1,train
SYFA_THEMA,1,train
RLX_AERPE,1,train
CBID_METKA,1,train
FMT_THEMA,1,train
The1247,1,train
AROK_PYRAB,1,train
The1295,1,train
HEMH_THEAC,1,train
DPO1T_THET8,1,train
The451,1,train
The862,1,train
CRCB_THEMA,1,train
AROK_AERPE,1,train
The1122,1,train
RADB_PYRAB,1,train
The109,1,train
PYRC_THEMA,1,train
Y1619_METKA,1,train
The1244,1,train
DHE3_AERPE,1,train
KHSE_PYRAB,1,train
KAD_THEMA,1,train
PSTB_SULSO,1,train
FWDE_METJA,1,train
RS17_THEMA,1,train
FWDG_METJA,1,train
The102,1,train
PFDB_THEAC,1,train
The520,1,train
PSD_METKA,1,train
The607,1,train
PYRE_PYRAE,1,train
The1148,1,train
PFDB_PYRAE,1,train
The553,1,train
PYRD_AERPE,1,train
The630,1,train
NADC_METJA,1,train
The577,1,train
TRUA_PYRAE,1,train
The1062,1,train
The754,1,train
KCY_SULSO,1,train
The661,1,train
The843,1,train
The701,1,train
CARA_THEAC,1,train
The638,1,train
RS2_SULSO,1,train
RS11_METKA,1,train
RL4_PYRAE,1,train
PPCK_PYRFU,1,train
The159,1,train
TYSY_METKA,1,train
The912,1,train
The26,1,train
The1302,1,train
KPTA_METKA,1,train
The926,1,train
HMEB_ARCFU,1,train
The180,1,train
RL22_METKA,1,train
RPOA_THEMA,1,train
SYR_SULSO,1,train
The149,1,train
RPOC_THEMA,1,train
SAHH_PYRAE,1,train
SYV_THEMA,1,train
The772,1,train
EF1B_PYRAE,1,train
SRP19_SULSO,1,train
Y1073_METKA,1,train
The469,1,train
The646,1,train
The890,1,train
DNAJ1_THET8,1,train
PDAD_THEVO,1,train
RL24_METKA,1,train
The1014,1,train
CAPP_THET2,1,train
The1263,1,train
The774,1,train
HSLU_THEMA,1,train
TRPC_AERPE,1,train
TRPC_METJA,1,train
RLA0_SULTO,1,train
GIDA_THEMA,1,train
The1157,1,train
DPOL2_AERPE,1,train
DP2L_PYRAB,1,train
SYK_PYRAB,1,train
The850,1,train
EGSA_THEAC,1,train
The305,1,train
The33,1,train
The803,1,train
RS5_THEMA,1,train
The865,1,train
RAD50_METJA,1,train
Y206_METKA,1,train
ENO_AERPE,1,train
PFDA_SULTO,1,train
SRP19_METKA,1,train
The1310,1,train
SYH_THEAC,1,train
DHG_THEAC,1,train
The1322,1,train
The231,1,train
RL10_PYRAB,1,train
The137,1,train
RL30E_AERPE,1,train
P0845_THEAC,1,train
SAT_ARCFU,1,train
The169,1,train
LEU2_THET2,1,train
The731,1,train
The392,1,train
NDK_PYRFU,1,train
NADA_METKA,1,train
TBP_PYRAE,1,train
MURD_THEMA,1,train
ISPH_THEMA,1,train
The673,1,train
The440,1,train
RPOZ_THEMA,1,train
The710,1,train
The266,1,train
SYE_SULSO,1,train
VATI_METJA,1,train
The530,1,train
The930,1,train
MSRA_SULAC,1,train
The628,1,train
ARGC_AERPE,1,train
TOP6B_METJA,1,train
The735,1,train
The1212,1,train
The1314,1,train
PGP_AERPE,1,train
The691,1,train
RS12_METJA,1,train
The543,1,train
The695,1,train
ISPE_THEMA,1,train
FLAB5_PYRAB,1,train
TRPF_AERPE,1,train
RL21_AERPE,1,train
RL16_THEMA,1,train
TRUA_THEAC,1,train
RFCL_THEVO,1,train
HIS4_METKA,1,train
The1227,1,train
UXUA_THEMA,1,train
COBS2_ARCFU,1,train
PYRH_AERPE,1,train
RLX_PYRAE,1,train
The37,1,train
The112,1,train
RL31_SULSO,1,train
The903,1,train
RL14E_PYRAE,1,train
The1176,1,train
SYS_THEMA,1,train
SECE_METKA,1,train
The679,1,train
HIS6_METJA,1,train
GCSH3_SULAC,1,train
PRIA_THEMA,1,train
MJK1_METJA,1,train
PURL_SULSO,1,train
RNP2_METJA,1,train
The206,1,train
CARB_THEMA,1,train
OGT_PYRFU,1,train
FLGH_THEMA,1,train
The454,1,train
FPRA_METJA,1,train
The438,1,train
DNAJ_THEMA,1,train
HIS2_THET2,1,train
The1195,1,train
The346,1,train
RPOP_METKA,1,train
PCRB_SULTO,1,train
The1299,1,train
TRPCD_ARCFU,1,train
The1023,1,train
The1191,1,train
The1304,1,train
The364,1,train
The178,1,train
The887,1,train
The739,1,train
The551,1,train
The1156,1,train
RIBB_ARCFU,1,train
PYRC_PYRAB,1,train
The726,1,train
ARGR_THET2,1,train
ARAA_THEMA,1,train
The311,1,train
The546,1,train
RAD50_METKA,1,train
RL31_THEAC,1,train
SYM_THEMA,1,train
The190,1,train
CCA_METKA,1,train
The81,1,train
PDXT_THEVO,1,train
CBIO_METTM,1,train
The1293,1,train
The1126,1,train
The1218,1,train
PCRB_THEAC,1,train
Y1237_METKA,1,train
CBIN_METJA,1,train
The592,1,train
The541,1,train
RADA_PYRAB,1,train
The544,1,train
DXS_THEMA,1,train
HEM1_THET2,1,train
The753,1,train
APGM2_METTH,1,train
LYSK_THET2,1,train
The687,1,train
The1189,1,train
PGP_PYRAE,1,train
The514,1,train
HIS3_PYRAE,1,train
ENDAL_METKA,1,train
PUR6_PYRAB,1,train
The269,1,train
RL30E_SULSO,1,train
Y525_METKA,1,train
COOS_METKA,1,train
SUCC1_ARCFU,1,train
RL35A_METKA,1,train
DAPF_METKA,1,train
MPGS_AERPE,1,train
GATC_THEMA,1,train
The713,1,train
The818,1,train
The252,1,train
MRE11_THEAC,1,train
IF6_ARCFU,1,train
RAD50_THEAC,1,train
TOP6B_ARCFU,1,train
IF1A_THEVO,1,train
AROA_METKA,1,train
GUAAB_SULTO,1,train
The916,1,train
RF1_METJA,1,train
DAPA_PYRFU,1,train
Y1542_METKA,1,train
FEN_AERPE,1,train
The761,1,train
CARB_PYRAE,1,train
The706,1,train
RPON_AERPE,1,train
IF2B_SULAC,1,train
The724,1,train
The462,1,train
AROK_METTH,1,train
The152,1,train
RPOL_THEAC,1,train
PYRE_METKA,1,train
TRPC_METKA,1,train
FTSZ2_ARCFU,1,train
The558,1,train
AROA_THEMA,1,train
The722,1,train
The1294,1,train
The512,1,train
IF1_THEMA,1,train
RL29_METKA,1,train
The1067,1,train
The871,1,train
Y1105_METKA,1,train
S7C4_SULSO,1,train
KPRS_THEMA,1,train
RL6_PYRAB,1,train
FLPA_THEAC,1,train
The443,1,train
The1094,1,train
The1298,1,train
RS25_PYRAE,1,train
PCNA1_PYRAE,1,train
PRMA_THEMA,1,train
The634,1,train
The479,1,train
FLPA_PYRAE,1,train
RF2_THEMA,1,train
IF2B_PYRAE,1,train
HIS5_ARCFU,1,train
The1271,1,train
The1020,1,train
The533,1,train
The1274,1,train
MPG1_SULAC,1,train
The502,1,train
RNZ_ARCFU,1,train
PGP_THEAC,1,train
PURL_PYRAE,1,train
The720,1,train
DSRD_ARCFU,1,train
RL32_AERPE,1,train
The225,1,train
RL30_SULSO,1,train
SYT_SULSO,1,train
TRPF_METKA,1,train
RNZ_PYRAE,1,train
HMDH_ARCFU,1,train
HEM3_THET2,1,train
The1119,1,train
TPIS_THEAC,1,train
ARGB_PYRFU,1,train
RNP4_AERPE,1,train
The991,1,train
The1214,1,train
The906,1,train
The372,1,train
RL38_AERPE,1,train
RL1_THEAC,1,train
SRP54_THEAC,1,train
The705,1,train
The500,1,train
TOP6A_ARCFU,1,train
The773,1,train
IF6_AERPE,1,train
The170,1,train
The901,1,train
RS2_THEMA,1,train
CISY_THEAC,1,train
SFSA_AERPE,1,train
ISPF_THEMA,1,train
RPOD_PYRAB,1,train
RS13_THEAC,1,train
NADA_SULTO,1,train
COBD_PYRAB,1,train
TRM1_METJA,1,train
The767,1,train
The1161,1,train
COBS_PYRAB,1,train
The291,1,train
SPEH_PYRAB,1,train
CBIT_METTH,1,train
TOP6B_SULTO,1,train
The750,1,train
The355,1,train
The670,1,train
IF6_PYRAE,1,train
The734,1,train
The143,1,train
Y399_METKA,1,train
The472,1,train
The907,1,train
The681,1,train
The203,1,train
ECX2_METKA,1,train
GLUS_METJA,1,train
The334,1,train
SYR_METKA,1,train
COBS_METTH,1,train
RL34_METKA,1,train
The508,1,train
The494,1,train
DDL_THEMA,1,train
The669,1,train
The270,1,train
The1155,1,train
COMA_METTH,1,train
The651,1,train
LEU22_METKA,1,train
CSP_THEMA,1,train
The449,1,train
The507,1,train
The431,1,train
DHSD_THEAC,1,train
The729,1,train
KORA_METJA,1,train
SYW_THEAC,1,train
The1282,1,train
NADM_PYRAB,1,train
RL22_THEMA,1,train
The650,1,train
The1197,1,train
VATC_METJA,1,train
The548,1,train
EF1B_METKA,1,train
HEMH_THET2,1,train
The1080,1,train
HIS8_PYRFU,1,train
The236,1,train
PGK_THEAC,1,train
FMT_THET2,1,train
The1219,1,train
The1300,1,train
The49,1,train
GLNA_ARCFU,1,train
The517,1,train
The110,1,train
TRPA_ARCFU,1,train
The805,1,train
The1326,1,train
ENO_PYRAE,1,train
RNZ_PYRAB,1,train
SECG_AERPE,1,train
The611,1,train
The407,1,train
The578,1,train
VATE_ARCFU,1,train
RHO_THEMA,1,train
The667,1,train
The622,1,train
LUXS_THET2,1,train
ACDB1_METJA,1,train
EFTS_THEMA,1,train
The394,1,train
The777,1,train
The497,1,train
The29,1,train
GGPS_SULSO,1,train
MTRB_METKA,1,train
The192,1,train
PDXS_SULSO,1,train
PTH_THEAC,1,train
CDC62_ARCFU,1,train
SYE2_THEMA,1,train
DP2L_THEVO,1,train
The618,1,train
SYFB_SULSO,1,train
GLGC_THET2,1,train
CRTB_THET2,1,train
The898,1,train
The163,1,train
The945,1,train
MTRG_METKA,1,train
The1111,1,train
The427,1,train
The251,1,train
The265,1,train
The591,1,train
PCNA_METKA,1,train
HIS2_METKA,1,train
The1243,1,train
RAD50_AERPE,1,train
RL23_THEMA,1,train
DP2S_PYRAB,1,train
The1207,1,train
HEM1_THEAC,1,train
The760,1,train
The1229,1,train
DN71_SULAC,1,train
The582,1,train
FLIE_THEMA,1,train
Y213_METKA,1,train
The660,1,train
TRM1_PYRAB,1,train
SYL_THEMA,1,train
RPOD_METJA,1,train
The104,1,train
KPRS_AERPE,1,train
SYV_PYRAB,1,train
NFI_AERPE,1,train
The838,1,train
END3_THEMA,1,train
AROB_PYRAE,1,train
EF1B_THEAC,1,train
The782,1,train
The643,1,train
The1276,1,train
The677,1,train
The812,1,train
CCA_PYRFU,1,train
AROE_METKA,1,train
RL6_THEMA,1,train
TPIS_METKA,1,train
RL3_THEMA,1,train
PANB_AERPE,1,train
The321,1,train
The816,1,train
Y796_METKA,1,train
The1318,1,train
VATD_METKA,1,train
ATKC_THEVO,1,train
SYFB_AERPE,1,train
PFDA_METKA,1,train
FRHG_METJA,1,train
SYD_METJA,1,train
VATE_SULSO,1,train
The738,1,train
ACPS_THET2,1,train
UPPP_SULSO,1,train
Y1602_METKA,1,train
KCY_THEVO,1,train
FABZ_THET2,1,train
The50,1,train
PTH_AERPE,1,train
The732,1,train
The526,1,train
TOP6B_PYRFU,1,train
DUT_METKA,1,train
The1287,1,train
GCSH2_SULAC,1,train
DPOL3_SULSO,1,train
CBIX_SULSO,1,train
RPOH_METKA,1,train
GCH2_ARCFU,1,train
The1180,1,train
SYL_PYRAE,1,train
RL11_PYRAE,1,train
The1215,1,train
RPOD_ARCFU,1,train
CDC61_ARCFU,1,train
Y827_METKA,1,train
The1319,1,train
CMO_PYRFU,1,train
The1328,1,train
ARLY_SULAC,1,train
The639,1,train
RS4E_SULTO,1,train
GLGA_THEMA,1,train
Y1676_METKA,1,train
GRPE_THEVO,1,train
The1210,1,train
RNP4_THEVO,1,train
The282,1,train
RPOA2_METJA,1,train
MRE11_METKA,1,train
VATB_AERPE,1,train
RL15_AERPE,1,train
The1182,1,train
HIS2_SULAC,1,train
ARLY_PYRAE,1,train
RLA0_THEAC,1,train
The770,1,train
The220,1,train
SFSA_PYRAE,1,train
RL1_SULTO,1,train
IF5A_AERPE,1,train
The655,1,train
NFI_THEAC,1,train
LGT_THEMA,1,train
SYK_AERPE,1,train
SYI_AERPE,1,train
RGYR_PYRAE,1,train
REX2_THEMA,1,train
DHOM_METJA,1,train
CARA_THEMA,1,train
RS13_THEMA,1,train
SECG_PYRAE,1,train
TOP6A_PYRAB,1,train
SYC_PYRAB,1,train
The1237,1,train
The234,1,train
RS3_AERPE,1,train
PYREL_METJA,1,train
HIS8_METKA,1,train
RUVA_THEMA,1,train
The835,1,train
COBQ_METKA,1,train
RFCL_PYRAE,1,train
The1151,1,train
VATI_SULSO,1,train
RL12_PYRAB,1,train
NOP10_PYRAE,1,train
The908,1,train
The1321,1,train
The714,1,train
MCRW_METJA,1,train
DAPA_PYRAE,1,train
SYH_SULSO,1,train
The752,1,train
The775,1,train
IPYR_THEAC,1,train
VATB_METKA,1,train
The408,1,train
The1307,1,train
SUHB_AERPE,1,train
The786,1,train
SYH_PYRFU,1,train
RTCA_METKA,1,train
RS24_THEVO,1,train
AROB_AERPE,1,train
The576,1,train
DPOL2_SULSO,1,train
RL1_METKA,1,train
LEU3_SULSO,1,train
The1228,1,train
HMDH_AERPE,1,train
The910,1,train
NADE_METKA,1,train
PYRC_METKA,1,train
The1308,1,train
The1,1,train
Y1486_METKA,1,train
ARGD_METJA,1,train
RNZ_METKA,1,train
CINA_THEMA,1,train
RL1_PYRAE,1,train
COX13_THET8,1,train
The645,1,train
The227,1,train
The478,1,train
Y008_METKA,1,train
ACDE1_ARCFU,1,train
The521,1,train
GCSH1_SULAC,1,train
DP2S_THEAC,1,train
METK_THEMA,1,train
HIS8_SULSO,1,train
TOP1_THEAC,1,train
KADA_PYRAE,1,train
The703,1,train
The523,1,train
GUAA_AERPE,1,train
The61,1,train
SYS_AERPE,1,train
RFCL_SULTO,1,train
MURB_THEMA,1,train
The1297,1,train
RNP1_SULSO,1,train
LEPA_THEMA,1,train
The11,1,train
The313,1,train
SYV_AERPE,1,train
The686,1,train
The588,1,train
The1317,1,train
COFE_METKA,1,train
MDH_THEVO,1,train
NIFU_THEMA,1,train
The708,1,train
EFG_THEMA,1,train
PYRH_THEAC,1,train
RL2_PYRAE,1,train
The498,1,train
FTSZ3_PYRAB,1,train
The662,1,train
RL18E_THEVO,1,train
The1179,1,train
ISPH_THET2,1,train
The821,1,train
The148,1,train
PSD_METJA,1,train
The511,1,train
The1254,1,train
The256,1,train
CYB_SULAC,1,train
FLGI_THEMA,1,train
RS27_THEAC,1,train
The1137,1,train
The283,1,train
TRPC_PYRAE,1,train
RNZ_METJA,1,train
PPCK_THEVO,1,train
RNP4_SULTO,1,train
ACDA1_ARCFU,1,train
The1311,1,train
The319,1,train
RPE_METJA,1,train
FER_THEAC,1,train
The22,1,train
The914,1,train
AROK_ARCFU,1,train
FRHA_METJA,1,train
The1220,1,train
MUTL_THEMA,1,train
BIOB_METJA,1,train
RPOA1_THEAC,1,train
The755,1,train
ISPF_THET8,1,train
The688,1,train
TOP1_PYRFU,1,train
The363,1,train
The666,1,train
The620,1,train
IF2_THEMA,1,train
The1193,1,train
CYNS_SULTO,1,train
The574,1,train
PYRF_THEVO,1,train
HACB_THET2,1,train
KCY_METKA,1,train
The745,1,train
The845,1,train
PCNA2_PYRAE,1,train
The917,1,train
The1028,1,train
SMC_METJA,1,train
RS3_ARCFU,1,train
TRF3_THEAC,1,train
The1090,1,train
GRPE_THEMA,1,train
RL23_PYRAB,1,train
HEM3_THEAC,1,train
RNP3_METKA,1,train
FLAJ_METJA,1,train
The386,1,train
The659,1,train
The134,1,train
RFCS_METKA,1,train
CCA_METTH,1,train
FER_THET8,1,train
DNLJ_THEMA,1,train
The814,1,train
CBIH_ARCFU,1,train
ALBA2_SULTO,1,train
THYX_SULSO,1,train
HFQ_THEMA,1,train
The800,1,train
PPSA_PYRAB,1,train
HEM1_SULSO,1,train
RL31_AERPE,1,train
HIS4_ARCFU,1,train
RECX_THEMA,1,train
RS9_AERPE,1,train
RFCS2_PYRAE,1,train
RNP3_METJA,1,train
The1152,1,train
MDH_PYRAB,1,train
DP2S_METJA,1,train
The672,1,train
PDXS_THEAC,1,train
TYSY_METJA,1,train
Y078_METKA,1,train
The839,1,train
OGT_PYRAE,1,train
Y012_METKA,1,train
RNR_THEMA,1,train
The1260,1,train
The1128,1,train
The1249,1,train
The1168,1,train
PUR2_ARCFU,1,train
SURE_THEMA,1,train
VATE_PYRAB,1,train
IORB_PYRAB,1,train
MRE11_PYRAB,1,train
The847,1,train
TRPF_SULSO,1,train
RPIA_AERPE,1,train
The575,1,train
CBIC_METJA,1,train
GATE_AERPE,1,train
APGM_AERPE,1,train
SYH_AERPE,1,train
FWDC_METJA,1,train
SYFA_METKA,1,train
G6PI_BACHD,0,train
TRPE_LACLA,0,train
Mes1044,0,train
RECX_BACHD,0,train
LFTR_YERPE,0,train
Mes830,0,train
PLSB_SHIFL,0,train
CYB6_SYNY3,0,train
FRDD_SHIFL,0,train
ENGA_DEIRA,0,train
FPG_DEIRA,0,train
MALQ_CHLTR,0,train
Mes1032,0,train
GLTB_SYNY3,0,train
Mes415,0,train
DEOB_YERPE,0,train
LPXB_CHLTR,0,train
CYSK_SYNY3,0,train
TPIS_CHLTR,0,train
Mes879,0,train
FLIE_SHIFL,0,train
PIP_LACLA,0,train
XYLA_BACHD,0,train
Mes298,0,train
AAEB_SHIFL,0,train
PURQ_BACHD,0,train
ADPP_SHIFL,0,train
HHA_ECOLI,0,train
PT1_CHLTR,0,train
PTFAX_SHIFL,0,train
Mes547,0,train
Mes538,0,train
COBB_SYNY3,0,train
Mes334,0,train
COBS_BACHD,0,train
Mes1248,0,train
TRUA_LACLA,0,train
FIME_ECOLI,0,train
DNAA2_CHLTR,0,train
DPO3A_LACLA,0,train
Mes1005,0,train
RS8_MYCGE,0,train
NUOL_RICPR,0,train
PUR7_RICPR,0,train
ARGC_LACLA,0,train
CCMA_RICPR,0,train
HEMH_DEIRA,0,train
Mes1165,0,train
DYR_ECOLI,0,train
SYW_YERPE,0,train
OPPC_MYCGE,0,train
RL9_DEIRA,0,train
Mes575,0,train
Mes309,0,train
IDH_SYNY3,0,train
OXAA2_LACLA,0,train
PRIM_LACLA,0,train
DPO3B_CHLTR,0,train
USPE_YERPE,0,train
Mes953,0,train
TGL_BACHD,0,train
NUSG_CHLTR,0,train
YBJO_SHIFL,0,train
GCH1_YERPE,0,train
ARCA_SHIFL,0,train
RL24_MYCGE,0,train
GRPE_SYNY3,0,train
PRSA_LACLA,0,train
Mes258,0,train
GALU_ECOLI,0,train
MDTP_SHIFL,0,train
PRMA_LACLA,0,train
CSD_MYCGE,0,train
TRPC_YERPE,0,train
HEM3_RICPR,0,train
ASR2_YERPE,0,train
SPEA_BACHD,0,train
Mes599,0,train
RL4_RICPR,0,train
NUOE_ECOLI,0,train
Mes989,0,train
FIS_SHIFL,0,train
TRUA_DEIRA,0,train
DHP2_ECOLI,0,train
GLYA_SYNY3,0,train
HEMH_CHLTR,0,train
SECY_CHLTR,0,train
Mes294,0,train
CH602_SYNY3,0,train
GTRA_SHIFL,0,train
Y632_CHLTR,0,train
Mes1003,0,train
Mes1078,0,train
Mes325,0,train
APAH_YERPE,0,train
PBPA_RICPR,0,train
LPXB_YERPE,0,train
TOLB_RICPR,0,train
Mes241,0,train
MURE_LACLA,0,train
GLND_YERPE,0,train
PBP7_ECOLI,0,train
EFTS_SYNY3,0,train
RIMM_SHIFL,0,train
LAN4_LACLA,0,train
Mes919,0,train
SFSA_BACHD,0,train
RL11_RICPR,0,train
ADEC_DEIRA,0,train
Mes1168,0,train
PRIA_RICPR,0,train
MXIK_SHIFL,0,train
RS4_YERPE,0,train
POTC_MYCGE,0,train
CYSC_YERPE,0,train
Mes300,0,train
CDSA_CHLTR,0,train
BGAL_LACLA,0,train
RLUD_SHIFL,0,train
ZIPA_YERPE,0,train
TRPF_BACHD,0,train
Mes302,0,train
TRA5_LACLA,0,train
Mes261,0,train
YIJC_ECOLI,0,train
EFP_RICPR,0,train
GAL1_YERPE,0,train
Mes705,0,train
GM4D_ECOLI,0,train
PTSN_SHIFL,0,train
MACA_SHIFL,0,train
RMUC_CHLTR,0,train
NUDC_DEIRA,0,train
PSPA_ECOLI,0,train
YBGE_SHIFL,0,train
RNC_BACHD,0,train
CPHA_SYNY8,0,train
RL22_DEIRA,0,train
YOBD_SHIFL,0,train
RL25_DEIRA,0,train
GLTS_ECOLI,0,train
ERA_RICPR,0,train
Mes697,0,train
Mes200,0,train
Mes1148,0,train
DPO3B_MYCGE,0,train
DAPF_RICPR,0,train
SECA_MYCGE,0,train
Mes142,0,train
Mes1006,0,train
DCDA_SYNY3,0,train
LUXS_YERPE,0,train
Y179_YERPE,0,train
FTSA_ECOLI,0,train
COBT_SHIFL,0,train
Y281_MYCGE,0,train
PEPF2_LACLC,0,train
RL25_SHIFL,0,train
RL22_MYCGE,0,train
HIS8_LACLA,0,train
SYR1_BACHD,0,train
TYRA_LACLA,0,train
UVRA_DEIRA,0,train
SURE_CHLTR,0,train
YAAH_ECOLI,0,train
PPAX_BACHD,0,train
Mes396,0,train
DNAJ_SHIFL,0,train
KTHY_LACLA,0,train
CLPS_DEIRA,0,train
Mes158,0,train
SPAS_SHIFL,0,train
Mes297,0,train
ELYA_BACHD,0,train
LPXD_RICPR,0,train
Mes425,0,train
Mes82,0,train
Mes671,0,train
GSHB_YERPE,0,train
Mes1092,0,train
ARSC_BACHD,0,train
Mes287,0,train
OPGH_SHIFL,0,train
Mes121,0,train
HYBA_SHIFL,0,train
HPCR_SHIFL,0,train
UBIG_YERPE,0,train
Mes585,0,train
CYSE_SYNY3,0,train
MECA1_BACHD,0,train
YADH_ECOLI,0,train
NRDI_LACLC,0,train
Mes466,0,train
HLDE_SHIFL,0,train
RF2_RICPR,0,train
UDG_SHIFL,0,train
ABIG1_LACLC,0,train
RF1_MYCGE,0,train
GCVR_SHIFL,0,train
CHER_BACHD,0,train
Mes193,0,train
Mes275,0,train
MXIM_SHIFL,0,train
ISPE_DEIRA,0,train
Mes320,0,train
SPR_ECOLI,0,train
GRPE_CHLTR,0,train
FRLB_ECOLI,0,train
DNAJM_MYCGE,0,train
EFTS_CHLTR,0,train
RHAB_SHIFL,0,train
RFBB_SHIFL,0,train
Mes238,0,train
SMPA_SHIFL,0,train
Mes1082,0,train
RL331_LACLC,0,train
Mes139,0,train
SECY_RICPR,0,train
RMUC_RICPR,0,train
COBS_DEIRA,0,train
LEU21_DEIRA,0,train
Mes545,0,train
Mes191,0,train
Mes665,0,train
AMPA_RICPR,0,train
Mes1163,0,train
Y858_CHLTR,0,train
OPGB_SHIFL,0,train
MSRA1_LACLA,0,train
RS16_RICPR,0,train
SPX_LACLC,0,train
AROK_LACLA,0,train
SECE_RICPR,0,train
NUDH_SHIFL,0,train
HEM6_YERPE,0,train
Mes930,0,train
PEPB_YERPE,0,train
DTPT_LACLA,0,train
EFTU_DEIRA,0,train
ARAA_YERPE,0,train
THIM_SHIFL,0,train
CYAA_YERPE,0,train
WECB_YERPE,0,train
FLGH1_YERPE,0,train
Mes897,0,train
PTGA_BACHD,0,train
Mes1111,0,train
AROA_DEIRA,0,train
DTD_LACLA,0,train
MRAY_RICPR,0,train
HDFR_YERPE,0,train
DAPA_SYNY3,0,train
NADA_YERPE,0,train
Mes1074,0,train
YJGP_ECOLI,0,train
ENGA_MYCGE,0,train
END3_RICPR,0,train
HEMK_RICPR,0,train
LEUD_SHIFL,0,train
KTHY_MYCGE,0,train
DHSB_RICPR,0,train
P65H_MYCGE,0,train
HISZ_BACHD,0,train
HAM1_LACLA,0,train
Mes743,0,train
Y1009_YERPE,0,train
EFGL_SYNY3,0,train
HMUT_YERPE,0,train
Mes551,0,train
HSLU_BACHD,0,train
THIE_BACHD,0,train
Mes324,0,train
YQAA_ECOLI,0,train
Mes940,0,train
RPOA_CHLTR,0,train
ENGA_RICPR,0,train
Mes1037,0,train
GLGA_LACLA,0,train
POTB_MYCGE,0,train
DSBA_SHIFL,0,train
SCO21_RICPR,0,train
YAET_SHIFL,0,train
MURC_SHIFL,0,train
DEOC1_YERPE,0,train
PHOL_SHIFL,0,train
Mes616,0,train
Mes1016,0,train
MRAY_DEIRA,0,train
CHO_SHIFL,0,train
ACTP_YERPE,0,train
FLIC_SHIFL,0,train
ATPG_LACLA,0,train
Mes927,0,train
MURC_RICPR,0,train
FTSX_ECOLI,0,train
Mes673,0,train
PROA_DEIRA,0,train
Mes455,0,train
METK_MYCGE,0,train
TILS_YERPE,0,train
GLGC_YERPE,0,train
CBIO2_MYCGE,0,train
Y635_CHLTR,0,train
ARAG_BACHD,0,train
BGAL_BACHD,0,train
YIDG_ECOLI,0,train
Mes356,0,train
UBIE_DEIRA,0,train
Mes384,0,train
HSLO_DEIRA,0,train
Mes698,0,train
GADW_SHIFL,0,train
CH10_CHLTR,0,train
YLAC_SHIFL,0,train
CISY_RICPR,0,train
ISPE_BACHD,0,train
SPEA_SHIFL,0,train
Mes118,0,train
HEMK_ECOLI,0,train
Mes923,0,train
HYCB_SHIFL,0,train
EXBD_ECOLI,0,train
SCPB_BACHD,0,train
COAE_BACHD,0,train
Mes619,0,train
RL4_MYCGE,0,train
SSB_DEIRA,0,train
PTG3C_MYCGE,0,train
CBPA_SHIFL,0,train
YAFA_SHIFL,0,train
LACC_LACLA,0,train
PARA_MYCGE,0,train
Mes544,0,train
Mes702,0,train
HIS5_DEIRA,0,train
UXUA_YERPE,0,train
SUR1_RICPR,0,train
PHOU_SHIFL,0,train
LFTR_DEIRA,0,train
PRIA_CHLTR,0,train
Mes447,0,train
STHA_SHIFL,0,train
DCTR_SHIFL,0,train
FER_SHIFL,0,train
Mes1208,0,train
SURA_ECOLI,0,train
HRCA_SYNY3,0,train
Mes286,0,train
CWLJ_BACHD,0,train
RPOB_RICPR,0,train
LPXD_SHIFL,0,train
OPUAA_LACLA,0,train
FLGM_ECOLI,0,train
Mes779,0,train
DKGA_YERPE,0,train
TEPA_BACHD,0,train
LGT_MYCGE,0,train
YEFM_SHIFL,0,train
IPYR_MYCGE,0,train
IPAA_SHIFL,0,train
ENTB_ECOLI,0,train
ENGB_LACLA,0,train
SIRA_YERPE,0,train
FKBX_ECOLI,0,train
RUVC_RICPR,0,train
OPPB_LACLC,0,train
PRIM_DEIRA,0,train
SYFB_CHLTR,0,train
MDTL_SHIFL,0,train
MTL1_LACLA,0,train
IDI2_DEIRA,0,train
THD1_LACLA,0,train
UDG_RICPR,0,train
LOLD_YERPE,0,train
Mes893,0,train
SYGB_YERPE,0,train
Mes407,0,train
UMUD_ECOLI,0,train
RLUF_SHIFL,0,train
Mes618,0,train
RL23_RICPR,0,train
FADR_SHIFL,0,train
SYS_SHIFL,0,train
TILS_RICPR,0,train
PGK_CHLTR,0,train
Mes622,0,train
GRPE_MYCGE,0,train
ARAR_BACHD,0,train
ATPB_SYNY3,0,train
SCPA_BACHD,0,train
KGTP_ECOLI,0,train
RL35_DEIRA,0,train
DCUC_ECOLI,0,train
LMRA_LACLC,0,train
NISR_LACLA,0,train
CAN_SHIFL,0,train
NUOH_RICPR,0,train
CLS_SHIFL,0,train
SLYD_SHIFL,0,train
SSB_YERPE,0,train
TADA_SHIFL,0,train
Mes1002,0,train
SSEB_ECOLI,0,train
UREE_YERPE,0,train
YGAD_SHIFL,0,train
GPDA_RICPR,0,train
GP4D_CHLTR,0,train
INSA_SHIFL,0,train
POTA_SHIFL,0,train
Mes561,0,train
MRAW_YERPE,0,train
COAE_MYCGE,0,train
Mes1070,0,train
YBAN_SHIFL,0,train
YGDD_ECOLI,0,train
RL6_DEIRA,0,train
Mes1014,0,train
AROE_LACLA,0,train
DESA_SYNY3,0,train
Mes694,0,train
Mes934,0,train
FDHD_SHIFL,0,train
XERC_BACHD,0,train
ARGC_SYNY3,0,train
ATKA_DEIRA,0,train
G3P1_SYNY3,0,train
GLPE_YERPE,0,train
RL32_BACHD,0,train
Mes793,0,train
PRMA_YERPE,0,train
LGT_SHIFL,0,train
CYF_SYNY3,0,train
Mes201,0,train
RS6_MYCGE,0,train
OPPF_MYCGE,0,train
Mes1120,0,train
PARA_CHLTR,0,train
EFTS_LACLA,0,train
NRDH_ECOLI,0,train
HEM1_RICPR,0,train
YGGB_ECOLI,0,train
DPO42_BACHD,0,train
DHSD_RICPR,0,train
FABZ_YERPE,0,train
ROF_ECOLI,0,train
GLGA2_SYNY3,0,train
ECTA_BACHD,0,train
DDL_LACLA,0,train
Mes419,0,train
LSPA_CHLTR,0,train
Mes150,0,train
END8_SHIFL,0,train
Mes557,0,train
Mes314,0,train
HISZ_LACLA,0,train
ACON_RICPR,0,train
Mes234,0,train
Mes125,0,train
OPPC_LACLA,0,train
METE_LACLA,0,train
GUAC_LACLA,0,train
DBH_SYNY3,0,train
SCPA_LACLA,0,train
PGSA_MYCGE,0,train
PTHP_CHLTR,0,train
DPO41_BACHD,0,train
Mes875,0,train
ARTQ_ECOLI,0,train
PGPB_SHIFL,0,train
Mes519,0,train
RL10_LACLA,0,train
Mes495,0,train
UBIG_RICPR,0,train
GPDA_DEIRA,0,train
LEXA_BACHD,0,train
TRMD_DEIRA,0,train
KDSB_CHLTR,0,train
HISX_LACLA,0,train
SSB_MYCGE,0,train
Mes228,0,train
DPO3_LACLA,0,train
FABG_CHLTR,0,train
ODO2_RICPR,0,train
KDSD_SHIFL,0,train
SCRB_LACLA,0,train
UPPS_DEIRA,0,train
SYY_CHLTR,0,train
TILS_CHLTR,0,train
OAT_BACHD,0,train
SYA_LACLA,0,train
Mes1107,0,train
SYFA_CHLTR,0,train
NIKE_SHIFL,0,train
Mes896,0,train
DPO4_YERPE,0,train
PHEA_SHIFL,0,train
Mes307,0,train
RHAD_SHIFL,0,train
MDTJ_SHIFL,0,train
Mes273,0,train
Mes749,0,train
Mes530,0,train
RLUB_YERPE,0,train
Mes461,0,train
FPG_MYCGE,0,train
RL3_MYCGE,0,train
ATA1_SYNY3,0,train
NIKR_SHIFL,0,train
Mes614,0,train
LSPA_YERPE,0,train
UF71_DEIRA,0,train
Mes1237,0,train
APHA_ECOLI,0,train
PEPT_LACLC,0,train
TILS_BACHD,0,train
PEPC_LACLC,0,train
GIDA_SYNY3,0,train
ATP6_MYCGE,0,train
MURC_DEIRA,0,train
CSCR_SHIFL,0,train
BCCP_ECOLI,0,train
SPAK_SHIFL,0,train
Mes1093,0,train
FENR_SYNY3,0,train
PUR7_YERPE,0,train
Mes951,0,train
CODY_LACLA,0,train
RNC_YERPE,0,train
YEHU_ECOLI,0,train
ROB_ECOLI,0,train
GATC_RICPR,0,train
POTB_ECOLI,0,train
UNG_MYCGE,0,train
TKT_MYCGE,0,train
PPNK_LACLA,0,train
NUOA_RICPR,0,train
NANK_YERPE,0,train
FMT_DEIRA,0,train
Mes1116,0,train
GLSA2_YERPE,0,train
HMUU_YERPE,0,train
Mes904,0,train
FADE_YERPE,0,train
GLNA_LACLA,0,train
EFP_MYCGE,0,train
OXAA_DEIRA,0,train
CCA_SHIFL,0,train
Mes133,0,train
YOEB_SHIFL,0,train
KDSA_YERPE,0,train
YCIC_SHIFL,0,train
OSTA_SHIFL,0,train
Mes781,0,train
RL19_MYCGE,0,train
THD2_ECOLI,0,train
RECX_YERPE,0,train
LNT_YERPE,0,train
HEMY_ECOLI,0,train
SYL_RICPR,0,train
Mes247,0,train
CAID_SHIFL,0,train
DNAJH_SYNY3,0,train
HIS8_SYNY3,0,train
PURL_LACLC,0,train
PSAC_YERPE,0,train
MTL22_LACLC,0,train
Mes1053,0,train
ATPD_MYCGE,0,train
KTHY_RICPR,0,train
CRPC_CHLTR,0,train
LCRG_YERPE,0,train
NANE_YERPE,0,train
Mes233,0,train
EZRA_BACHD,0,train
MURE_RICPR,0,train
RADC_LACLA,0,train
MOAC_DEIRA,0,train
Mes1145,0,train
Mes1128,0,train
GSHB_SYNY3,0,train
PTHP_LACLC,0,train
Mes727,0,train
DUT_LACLA,0,train
OTCC_LACLC,0,train
BETA_YERPE,0,train
Mes427,0,train
RUVA_MYCGE,0,train
THGA_LACLA,0,train
RPOD_RICPR,0,train
Mes304,0,train
MTRB_BACHD,0,train
LCRH_YERPE,0,train
YRBC_ECOLI,0,train
SYFB_RICPR,0,train
DCUA_ECOLI,0,train
PT1_LACLC,0,train
VATI_CHLTR,0,train
FLIE_BACHD,0,train
PKN1_CHLTR,0,train
Mes500,0,train
MINE_DEIRA,0,train
PIC_SHIFL,0,train
CCA_LACLA,0,train
CRTB_SYNY3,0,train
Mes963,0,train
ASSY_SHIFL,0,train
Mes361,0,train
LACG_LACLA,0,train
Mes266,0,train
LEU3_BACHD,0,train
CRTI_SYNY3,0,train
TIG_BACHD,0,train
Mes798,0,train
Mes343,0,train
Mes680,0,train
HIS1_SYNY3,0,train
NSR_LACLA,0,train
RS6_RICPR,0,train
COFH_SYNY3,0,train
FDNI_ECOLI,0,train
PRIB_SHIFL,0,train
LGT_BACHD,0,train
HIS9_LACLA,0,train
Mes368,0,train
MERP_SHIFL,0,train
GLPD_SYNY3,0,train
TIG_MYCGE,0,train
PTXB_SHIFL,0,train
IF2_SYNY3,0,train
DAPA_RICPR,0,train
RBFA_RICPR,0,train
DHAS_RICPR,0,train
GREA_RICPR,0,train
MNTR_BACHD,0,train
Mes169,0,train
6PGL_CHLTR,0,train
Mes1136,0,train
FTSK_BACHD,0,train
BCES_BACHD,0,train
Mes426,0,train
SYI_MYCGE,0,train
LNT_CHLTR,0,train
RO60_DEIRA,0,train
Mes1080,0,train
SYFB_LACLA,0,train
Mes645,0,train
FOLX_ECOLI,0,train
HSCA_YERPE,0,train
Mes937,0,train
DAPB_SYNY3,0,train
LPRH_ECOLI,0,train
Mes380,0,train
Mes346,0,train
APCE_SYNY4,0,train
Mes659,0,train
LPXH_SHIFL,0,train
K6PF_LACLA,0,train
ILVD_SHIFL,0,train
NUSB_SHIFL,0,train
DSBB_SHIFL,0,train
RRMJ_RICPR,0,train
HCHA_SHIFL,0,train
DAPF_CHLTR,0,train
Mes600,0,train
HNR_ECOLI,0,train
Y504_CHLTR,0,train
HEMH_RICPR,0,train
Mes1155,0,train
Mes347,0,train
Mes710,0,train
MURB_RICPR,0,train
DNAB_MYCGE,0,train
GLPK_MYCGE,0,train
NUDB_ECOLI,0,train
CADC_LACLA,0,train
LEUD2_DEIRA,0,train
ARSB_ECOLI,0,train
ZUPT_SHIFL,0,train
RELB_SHIFL,0,train
GLCP_SYNY3,0,train
NUOJ_ECOLI,0,train
PYRH_CHLTR,0,train
HEM1_DEIRA,0,train
PMRA_LACLA,0,train
KKIH_LACLA,0,train
ISPH_DEIRA,0,train
Mes610,0,train
TAUB_SHIFL,0,train
Mes423,0,train
CBIO_SYNY3,0,train
TRUA_SHIFL,0,train
KGUA_YERPE,0,train
ATPG_RICPR,0,train
Mes386,0,train
RUVX_LACLA,0,train
RECA1_LACLA,0,train
LUXS_BACHD,0,train
HPI2_DEIRA,0,train
RL11_MYCGE,0,train
Mes321,0,train
RL31_DEIRA,0,train
Mes914,0,train
Mes731,0,train
YDEZ_ECOLI,0,train
DPO3X_MYCGE,0,train
Mes132,0,train
XERC_YERPE,0,train
Mes670,0,train
Mes985,0,train
HLYEL_SHIFL,0,train
GP8D_CHLTR,0,train
FRLC_SHIFL,0,train
Mes916,0,train
SYCT_YERPE,0,train
Mes399,0,train
UREF_YERPE,0,train
YEIH_SHIFL,0,train
HYPA_DEIRA,0,train
Mes1042,0,train
PLSX_SHIFL,0,train
Mes328,0,train
LSPA_MYCGE,0,train
TPIS_MYCGE,0,train
PTA_SHIFL,0,train
Mes151,0,train
YBBJ_SHIFL,0,train
METQ_YERPE,0,train
GLRX1_SHIFL,0,train
PTH_CHLTR,0,train
RUVC_YERPE,0,train
DUT_YERPE,0,train
AROB_CHLTR,0,train
ARSC_ECOLI,0,train
SBCC_DEIRA,0,train
DNAK3_SYNY3,0,train
FPG_SYNY3,0,train
TRPA_BACHD,0,train
OMPW_SHIFL,0,train
Mes716,0,train
ISPD_SYNY3,0,train
GATA_RICPR,0,train
OXAA_MYCGE,0,train
SYC_LACLA,0,train
SPEE_YERPE,0,train
GPDA_SYNY3,0,train
RUVX_MYCGE,0,train
BCP_ECOLI,0,train
Mes1027,0,train
DMSD_SHIFL,0,train
LPXC_CHLTR,0,train
DCYD_YERPE,0,train
METR_SHIFL,0,train
U269_DEIRA,0,train
FABH_SYNY3,0,train
Mes1228,0,train
PANC_YERPE,0,train
ACP2_SHIFL,0,train
VIRF_SHIFL,0,train
FMT_LACLA,0,train
TYPA_SHIFL,0,train
Mes1157,0,train
DCUB_ECOLI,0,train
PROC_SHIFL,0,train
DEOC2_YERPE,0,train
AK_RICPR,0,train
FIXC_SHIFL,0,train
DCD_YERPE,0,train
QUEA_RICPR,0,train
TRPD_BACHD,0,train
UVRC_YERPE,0,train
YFBV_SHIFL,0,train
NIST_LACLA,0,train
UXUA1_BACHD,0,train
CRCB_SYNY3,0,train
HSCA_RICPR,0,train
HEMK_SYNY3,0,train
DUT_CHLTR,0,train
AROA_YERPE,0,train
Mes404,0,train
Mes1013,0,train
GLGX_YERPE,0,train
Mes1126,0,train
YQJE_SHIFL,0,train
RL10_YERPE,0,train
UVRA_RICPR,0,train
TRPR_CHLTR,0,train
Mes1020,0,train
CYSH_SYNY3,0,train
UVRC_MYCGE,0,train
ATPL_MYCGE,0,train
PRMA_DEIRA,0,train
KDSB_RICPR,0,train
HEM2_CHLTR,0,train
DEOB_LACLC,0,train
THIE_LACLA,0,train
KSGA_LACLA,0,train
PRIM_MYCGE,0,train
ACP_LACLA,0,train
PEPO_LACLC,0,train
RNH3_LACLA,0,train
PSAE_YERPE,0,train
TOP1_RICPR,0,train
RNPA_MYCGE,0,train
DDLA_SHIFL,0,train
PLSX_MYCGE,0,train
MUTS_BACHD,0,train
ACCC_BACHD,0,train
RL13_DEIRA,0,train
RISA_ECOLI,0,train
SECD_ECOLI,0,train
GPDA_CHLTR,0,train
PSTA_MYCGE,0,train
FRDB_ECOLI,0,train
USPB_YERPE,0,train
ODPB_MYCGE,0,train
TRMU_LACLA,0,train
ATPE_MYCGE,0,train
ACSF1_SYNY3,0,train
NQRE_YERPE,0,train
MINE_YERPE,0,train
ARGD_SYNY3,0,train
Mes295,0,train
TREA_SHIFL,0,train
Mes997,0,train
SYC_CHLTR,0,train
EFTS_RICPR,0,train
SYR_DEIRA,0,train
Mes1173,0,train
IF3_SHIFL,0,train
HSCB_YERPE,0,train
CAIB_SHIFL,0,train
KDUI_SHIFL,0,train
C5622_YERPE,0,train
ELBB_ECOLI,0,train
FABD_SYNY3,0,train
BFR_SYNY3,0,train
TRPF_CHLTR,0,train
ACEK_YERPE,0,train
RRF_MYCGE,0,train
LPXK_CHLTR,0,train
SUCC_DEIRA,0,train
FIXA_SHIFL,0,train
RUVX_YERPE,0,train
KITH_DEIRA,0,train
SYV_RICPR,0,train
Mes189,0,train
MIAA_DEIRA,0,train
ECTB_BACHD,0,train
DNAB_ECOLI,0,train
GLPX_SHIFL,0,train
Mes177,0,train
ABIG2_LACLC,0,train
SODF_RICPR,0,train
Mes906,0,train
TPIS_DEIRA,0,train
Mes1236,0,train
Mes171,0,train
FUCI_SHIFL,0,train
PPK_YERPE,0,train
GLMS_LACLA,0,train
Mes462,0,train
AHPC_ECOLI,0,train
RS18_RICPR,0,train
ODP2_MYCGE,0,train
SLYB_SHIFL,0,train
UA82_DEIRA,0,train
Mes503,0,train
CPXP_ECOLI,0,train
MOAE_YERPE,0,train
KCY_YERPE,0,train
Mes534,0,train
LACD_LACLA,0,train
PTF3A_MYCGE,0,train
Mes531,0,train
ALDH_DEIRA,0,train
THIO_CHLTR,0,train
Mes389,0,train
Mes980,0,train
CHEW_SHIFL,0,train
Mes663,0,train
KAD_CHLTR,0,train
ARGC_SHIFL,0,train
CDSA_RICPR,0,train
SPAM_SHIFL,0,train
Mes706,0,train
RL17_MYCGE,0,train
Mes126,0,train
MURD_RICPR,0,train
SSB_BACHD,0,train
HRCA_LACLC,0,train
CHLM_SYNY3,0,train
FRDC_SHIFL,0,train
ICSP_SHIFL,0,train
TRUB_CHLTR,0,train
P115_MYCGE,0,train
METI_YERPE,0,train
RBFA_MYCGE,0,train
SYK_CHLTR,0,train
YHBN_ECOLI,0,train
TRUB_DEIRA,0,train
CBIO_DEIRA,0,train
Mes990,0,train
PSIE_SHIFL,0,train
ACPS_DEIRA,0,train
MURC_LACLA,0,train
Mes669,0,train
LPXB_RICPR,0,train
MTLD_YERPE,0,train
ASPG_DEIRA,0,train
DNAJ_CHLTR,0,train
DNAA_LACLA,0,train
HIS4_SYNY3,0,train
Mes78,0,train
MUTS_CHLTR,0,train
MURB_DEIRA,0,train
CYAY_RICPR,0,train
RL10_DEIRA,0,train
SCRK_LACLC,0,train
DPO3A_MYCGE,0,train
HISZ_SYNY3,0,train
ILVE_RICPR,0,train
KDTA_RICPR,0,train
MECA_LACLA,0,train
RPOS_SHIFL,0,train
Mes477,0,train
AROB_SHIFL,0,train
Mes603,0,train
LGT_RICPR,0,train
KBL_ECOLI,0,train
AROK_SHIFL,0,train
DCUP_BACHD,0,train
Mes271,0,train
Mes112,0,train
YDFH_ECOLI,0,train
SSB_CHLTR,0,train
RL25_BACHD,0,train
Mes211,0,train
RS4_MYCGE,0,train
Mes1000,0,train
SUCC_SHIFL,0,train
DLTC_LACLA,0,train
RPOD_CHLTR,0,train
Mes327,0,train
ATPG_ECOLI,0,train
RISB_CHLTR,0,train
Mes1022,0,train
TRPC_LACLA,0,train
MCP_BPF41,0,train
Mes1204,0,train
Mes255,0,train
PDXT_BACHD,0,train
Mes493,0,train
MIPA_SHIFL,0,train
PUR4_YERPE,0,train
YIFE_ECOLI,0,train
UVSE_BACHD,0,train
MTNN_ECOLI,0,train
RNH_RICPR,0,train
AROA_CHLTR,0,train
SPEH1_BACHD,0,train
Mes354,0,train
UD14_DEIRA,0,train
LTRB_LACLA,0,train
ATPE_LACLA,0,train
GLGC_LACLA,0,train
SOJ_BACHD,0,train
PTA_MYCGE,0,train
ASSY_BACHD,0,train
Mes696,0,train
RHLB_YERPE,0,train
PPCK_CHLTR,0,train
PUR2_DEIRA,0,train
NUSB_RICPR,0,train
Mes701,0,train
NUOB_ECOLI,0,train
CSPD_SHIFL,0,train
PTHA_SHIFL,0,train
TGT_CHLTR,0,train
FOSB_BACHD,0,train
MURG_YERPE,0,train
Mes1041,0,train
DADA_YERPE,0,train
UPP_YERPE,0,train
RL7_CHLTR,0,train
PLSX_CHLTR,0,train
Mes1149,0,train
PURR_ECOLI,0,train
MURG_BACHD,0,train
LCNA_LACLC,0,train
MTSA_LACLC,0,train
HEM1_SYNY3,0,train
MALG_SHIFL,0,train
MASZ_BACHD,0,train
Mes418,0,train
NLPD_ECOLI,0,train
BETI_YERPE,0,train
OPGD_SHIFL,0,train
RNC_CHLTR,0,train
Mes1159,0,train
DEF_LACLA,0,train
GALE_YERPE,0,train
Y659_CHLTR,0,train
TAM_DEIRA,0,train
NISB_LACLA,0,train
Mes322,0,train
ISPD_DEIRA,0,train
SPRT_YERPE,0,train
COAE_RICPR,0,train
Mes457,0,train
CYSQ_SHIFL,0,train
MLTC_SHIFL,0,train
AROD_LACLA,0,train
CSPA_RICPR,0,train
ACKA_SYNY3,0,train
Mes106,0,train
TRPF_LACLA,0,train
U888_DEIRA,0,train
GADX_SHIFL,0,train
Mes215,0,train
PCP_BACHD,0,train
FLID_BACHD,0,train
RLUC_RICPR,0,train
RS5_MYCGE,0,train
REX_DEIRA,0,train
Mes533,0,train
DBH_RICPR,0,train
MUTS_RICPR,0,train
Mes364,0,train
RECN_BACHD,0,train
RIR1_CHLTR,0,train
Mes920,0,train
MURG_RICPR,0,train
GLBN_SYNY3,0,train
CHLB_SYNY3,0,train
RL28_CHLTR,0,train
RL33_RICPR,0,train
GLNB_SHIFL,0,train
HEMN_SYNY3,0,train
MUKE_YERPE,0,train
Mes580,0,train
Mes476,0,train
GCSP_SYNY3,0,train
MRAW_MYCGE,0,train
CPCF_SYNY3,0,train
SSRP_CHLTR,0,train
MGP3_MYCGE,0,train
DNAT_SHIFL,0,train
MGLA_MYCGE,0,train
Mes337,0,train
SSPA_ECOLI,0,train
SECE_BACHD,0,train
Mes206,0,train
PEPA_LACLC,0,train
RPE_MYCGE,0,train
LACR_LACLA,0,train
PYRDA_LACLC,0,train
AMPM_CHLTR,0,train
INSB_SHIFL,0,train
Mes417,0,train
Mes1170,0,train
Mes1118,0,train
XERC_CHLTR,0,train
TOLQ_ECOLI,0,train
CCML_SYNY3,0,train
Mes760,0,train
DINI_ECOLI,0,train
Mes1077,0,train
DGTL2_SYNY3,0,train
SAPC_ECOLI,0,train
FLAV_SHIFL,0,train
UBIE_SHIFL,0,train
NISK_LACLA,0,train
OPPA1_LACLA,0,train
FDOH_SHIFL,0,train
YGIH_SHIFL,0,train
KCY_MYCGE,0,train
HMW3_MYCGE,0,train
PNCB_YERPE,0,train
HDEA_ECOLI,0,train
RL35_RICPR,0,train
PHK_LACLA,0,train
MOBA_YERPE,0,train
MIAA_CHLTR,0,train
BTUD_YERPE,0,train
HDA_YERPE,0,train
G6PI_MYCGE,0,train
GLK_BACHD,0,train
Mes1017,0,train
HSLU_RICPR,0,train
NORV_SHIFL,0,train
TRUB_LACLA,0,train
Mes75,0,train
OMPH_YERPE,0,train
NPD_YERPE,0,train
Mes436,0,train
IMPC_SHIFL,0,train
Mes521,0,train
LEP_RICPR,0,train
NRDI_MYCGE,0,train
SODM_DEIRA,0,train
FABA_SHIFL,0,train
RS2_CHLTR,0,train
LON_MYCGE,0,train
TRUB_YERPE,0,train
HUTI_BACHD,0,train
RL24_CHLTR,0,train
YCDO_SHIFL,0,train
YSCQ_YERPE,0,train
ATCU_YERPE,0,train
Mes213,0,train
KSGA_SHIFL,0,train
RECO_SHIFL,0,train
COAE_LACLA,0,train
RL9_LACLA,0,train
Mes1125,0,train
Mes1199,0,train
YBAK_SHIFL,0,train
RUVX_DEIRA,0,train
OM1C_CHLTR,0,train
EFPL_SHIFL,0,train
NUDD_SHIFL,0,train
Mes1162,0,train
Y691_CHLTR,0,train
HIS7_SHIFL,0,train
RSEB_ECOLI,0,train
NLPI_ECOLI,0,train
AK_CHLTR,0,train
ABFA_BACHD,0,train
MIAA_RICPR,0,train
BARA_SHIFL,0,train
THYX_RICPR,0,train
YHBE_SHIFL,0,train
YFBU_SHIFL,0,train
TOLB_SHIFL,0,train
IBPB_YERPE,0,train
KSGA_DEIRA,0,train
MXIE_SHIFL,0,train
DAPB_CHLTR,0,train
ENGD_ECOLI,0,train
GLGB_SYNY3,0,train
Mes809,0,train
YDIK_ECOLI,0,train
PFL_LACLC,0,train
GLUQ_YERPE,0,train
VATC_DEIRA,0,train
G6PD_SYNY3,0,train
AROB_LACLA,0,train
IMDH_ECOLI,0,train
VATA_CHLTR,0,train
Mes579,0,train
Mes612,0,train
RUMB_YERPE,0,train
PTA_RICPR,0,train
Mes110,0,train
Mes49,0,train
GATC_SYNY3,0,train
PGK_MYCGE,0,train
COMGA_BACHD,0,train
YIAA_ECOLI,0,train
RS5_DEIRA,0,train
IPGC_SHIFL,0,train
Mes1036,0,train
RL25_RICPR,0,train
GCSH_SHIFL,0,train
MBHS_SHIFL,0,train
Mes408,0,train
SYE_SHIFL,0,train
RS6_SHIFL,0,train
ILVM_ECOLI,0,train
SLYA_SHIFL,0,train
SYFB_SHIFL,0,train
RIMM_LACLA,0,train
Mes403,0,train
PCP_DEIRA,0,train
MRAW_CHLTR,0,train
ALKH_SHIFL,0,train
PTH_LACLA,0,train
GAL1_LACLC,0,train
UVRA_CHLTR,0,train
PFLA_SHIFL,0,train
GCSH_CHLTR,0,train
Mes312,0,train
P37_MYCGE,0,train
Mes915,0,train
WCAM_SHIFL,0,train
SYT_DEIRA,0,train
PDXA_BACHD,0,train
PROQ_YERPE,0,train
Mes1010,0,train
NRFC_SHIFL,0,train
ARGR_BACHD,0,train
NANR_SHIFL,0,train
Mes269,0,train
P29_MYCGE,0,train
Mes1238,0,train
DPO3B_SYNY3,0,train
WZZB_SHIFL,0,train
PQIA_ECOLI,0,train
RL21_CHLTR,0,train
FUCR_ECOLI,0,train
KPYK_LACLA,0,train
GLXK_BACHD,0,train
Mes429,0,train
DPO3Z_MYCGE,0,train
HCP_SHIFL,0,train
Mes496,0,train
Mes1167,0,train
Mes367,0,train
NISP_LACLA,0,train
PNTAB_RICPR,0,train
AROA2_BACHD,0,train
GTRB_SHIFL,0,train
PSPA_DEIRA,0,train
RPIA2_YERPE,0,train
Mes921,0,train
Mes808,0,train
SMP_YERPE,0,train
RL18_MYCGE,0,train
NISC_LACLA,0,train
PSAF_YERPE,0,train
MRAW_DEIRA,0,train
DEF_CHLTR,0,train
COFG_SYNY3,0,train
Mes895,0,train
MERD_SHIFL,0,train
PYRB_LACLC,0,train
SELA_SHIFL,0,train
RL27_MYCGE,0,train
Mes401,0,train
SYV_MYCGE,0,train
MTR_SHIFL,0,train
PLP_RICPR,0,train
Mes1033,0,train
YSCT_YERPE,0,train
PRIM_BACHD,0,train
RPOB_DEIRA,0,train
CRTI_SYNY4,0,train
MUTL_RICPR,0,train
FTSB_YERPE,0,train
YACG_SHIFL,0,train
Mes524,0,train
Mes899,0,train
CAPP_SYNY3,0,train
Mes136,0,train
CBIJ_SYNY3,0,train
PTFB1_SHIFL,0,train
Mes134,0,train
PPK_BACHD,0,train
KPRS_DEIRA,0,train
Mes700,0,train
Mes1142,0,train
EFP_DEIRA,0,train
LSPA_LACLA,0,train
SDHD_SHIFL,0,train
HIS4_SHIFL,0,train
PURR_LACLA,0,train
AROE_SYNY3,0,train
WECG_SHIFL,0,train
HISX1_SYNY3,0,train
RBSK_LACLA,0,train
PYRI_YERPE,0,train
Mes516,0,train
RL4_CHLTR,0,train
PSTS_ECOLI,0,train
Mes708,0,train
INCA2_CHLTR,0,train
FLGI1_YERPE,0,train
SYM_CHLTR,0,train
PPDK_RICPR,0,train
CSID_SHIFL,0,train
CLPR_SYNY3,0,train
TRMB_SHIFL,0,train
Y741_RICPR,0,train
RECF_DEIRA,0,train
Mes780,0,train
Mes550,0,train
RECR_RICPR,0,train
RL31_RICPR,0,train
SYFA_RICPR,0,train
RODA_ECOLI,0,train
HUTP_BACHD,0,train
ARGD_DEIRA,0,train
PTLCB_LACLA,0,train
ALF2_SYNY3,0,train
PTNC_SHIFL,0,train
VATB_DEIRA,0,train
EX5B_CHLTR,0,train
ILVD_LACLA,0,train
SYG_MYCGE,0,train
CBIO1_LACLA,0,train
EX7L_DEIRA,0,train
PTQA_SHIFL,0,train
YRBA_SHIFL,0,train
17KD_RICPR,0,train
WZXE_SHIFL,0,train
Mes209,0,train
SYA_MYCGE,0,train
Mes468,0,train
Mes987,0,train
GALE_MYCGE,0,train
Mes1076,0,train
CPPM_BACHD,0,train
RNPH_DEIRA,0,train
PSTC_ECOLI,0,train
FER2_RICPR,0,train
KCY_DEIRA,0,train
ATPE_SYNY3,0,train
PROB_BACHD,0,train
SSPB_SHIFL,0,train
DPO3B_BACHD,0,train
Mes952,0,train
IDI2_SYNY3,0,train
Mes432,0,train
TRPA_SHIFL,0,train
Mes1180,0,train
GATB_SYNY3,0,train
SYA_CHLTR,0,train
GYRB_SYNY3,0,train
DHSA_RICPR,0,train
SECG_RICPR,0,train
Mes1138,0,train
Mes1140,0,train
POTD_ECOLI,0,train
FLHC_ECOLI,0,train
MURE_DEIRA,0,train
DSDX_SHIFL,0,train
TRUD_DEIRA,0,train
TRPA_DEIRA,0,train
GLPA_SHIFL,0,train
HIS5_BACHD,0,train
AROK_SYNY3,0,train
ALR1_SHIFL,0,train
ALX_SHIFL,0,train
ATPD_BACHD,0,train
GLGS_SHIFL,0,train
HEM1_BACHD,0,train
Mes424,0,train
CAIE_SHIFL,0,train
Mes397,0,train
PRIM_CHLTR,0,train
Mes135,0,train
XERC_RICPR,0,train
K1PF_ECOLI,0,train
NRDI_DEIRA,0,train
SYL_CHLTR,0,train
HUTU_YERPE,0,train
FTNA_SHIFL,0,train
RL34_DEIRA,0,train
RIR2_CHLTR,0,train
DHSC_RICPR,0,train
Mes972,0,train
NUOK_RICPR,0,train
NPD_DEIRA,0,train
RPOZ_LACLA,0,train
MTSA_LACLA,0,train
SYGB_RICPR,0,train
Mes1071,0,train
RNPH_BACHD,0,train
SLYX_YERPE,0,train
PROA_LACLA,0,train
Mes939,0,train
Mes1055,0,train
GLRX_RICPR,0,train
TUS_YERPE,0,train
ATPD_RICPR,0,train
Mes358,0,train
Mes677,0,train
RL362_YERPE,0,train
RLPA_YERPE,0,train
CP120_SYNY3,0,train
RS4_RICPR,0,train
CYOC_ECOLI,0,train
COBQ_BACHD,0,train
THIC_YERPE,0,train
SAPD_SHIFL,0,train
ODPA_RICPR,0,train
Mes400,0,train
SBCC_LACLA,0,train
Mes681,0,train
REX_LACLA,0,train
CLPP2_SYNY3,0,train
LPXA_RICPR,0,train
TRMD_MYCGE,0,train
YSCP_YERPE,0,train
Mes890,0,train
Mes637,0,train
DXS_SYNY3,0,train
IPA4_SHIFL,0,train
RNG_SHIFL,0,train
Mes111,0,train
RS7_RICPR,0,train
FLIQ_ECOLI,0,train
YHDE_SHIFL,0,train
Mes1242,0,train
LCND_LACLA,0,train
KEFC_SHIFL,0,train
ARCB_ECOLI,0,train
VATD_DEIRA,0,train
NAPD_SHIFL,0,train
FMT_MYCGE,0,train
ISPZ_YERPE,0,train
LEPA_BACHD,0,train
PYRC_BACHD,0,train
SUFE_YERPE,0,train
CINA_BACHD,0,train
FTSZ_MYCGE,0,train
Mes992,0,train
TRPG_LACLA,0,train
SYI_RICPR,0,train
PYRC_YERPE,0,train
DCUP_RICPR,0,train
TRA6_SHIFL,0,train
PHOB_SHIFL,0,train
COMB_SYNY3,0,train
HPRK_BACHD,0,train
RUVA_BACHD,0,train
METC_LACLC,0,train
ENGA_YERPE,0,train
PSD_BACHD,0,train
DEOC_MYCGE,0,train
RL30_BACHD,0,train
CAIT_SHIFL,0,train
SP2AB_BACHD,0,train
O16G_BACHD,0,train
SSPN_BACHD,0,train
RFBE_SHIFL,0,train
TRUC_SHIFL,0,train
SYE_DEIRA,0,train
GATA_CHLTR,0,train
CDD_MYCGE,0,train
CYNT_SYNY3,0,train
P200_MYCGE,0,train
NISI_LACLA,0,train
GIDA_MYCGE,0,train
HPRT_LACLA,0,train
OSME_ECOLI,0,train
SELD_YERPE,0,train
RNPA_YERPE,0,train
CHLN_SYNY3,0,train
CEMA_SYNY3,0,train
DGAL_ECOLI,0,train
Mes660,0,train
OPPD_LACLA,0,train
C561_ECOLI,0,train
RL4_DEIRA,0,train
RS20_DEIRA,0,train
Mes183,0,train
TLCE_RICPR,0,train
GMHA_SYNY3,0,train
C55L_SYNY3,0,train
ASNA_SHIFL,0,train
SYH_MYCGE,0,train
GALU_MYCGE,0,train
FABG2_SYNY3,0,train
BCEA_BACHD,0,train
CDD_ECOLI,0,train
HYPF_SYNY3,0,train
NORW_SHIFL,0,train
YOBA_SHIFL,0,train
MOAA_YERPE,0,train
URED_YERPE,0,train
ISPB_ECOLI,0,train
Mes999,0,train
Mes483,0,train
NORM_DEIRA,0,train
RL7_MYCGE,0,train
Mes903,0,train
MXIH_SHIFL,0,train
RL29_YERPE,0,train
NAGB_BACHD,0,train
MDTK_SHIFL,0,train
ATPF_ECOLI,0,train
NUSG_LACLA,0,train
ENTF_SHIFL,0,train
SECB_RICPR,0,train
RNC_MYCGE,0,train
YSCS_YERPE,0,train
Mes1095,0,train
RNFG_YERPE,0,train
SPRL_BACHD,0,train
MURD_BACHD,0,train
FADA_YERPE,0,train
The27,1,test
The56,1,test
The59,1,test
The60,1,test
The64,1,test
The69,1,test
The71,1,test
The75,1,test
The90,1,test
The93,1,test
The128,1,test
The155,1,test
The158,1,test
The161,1,test
The162,1,test
The182,1,test
The187,1,test
The188,1,test
The193,1,test
The197,1,test
The198,1,test
The210,1,test
The211,1,test
The238,1,test
The253,1,test
The263,1,test
The274,1,test
The277,1,test
The292,1,test
The293,1,test
The295,1,test
The317,1,test
The322,1,test
The351,1,test
The352,1,test
The354,1,test
The356,1,test
The377,1,test
The390,1,test
The393,1,test
The397,1,test
The400,1,test
The415,1,test
The421,1,test
The428,1,test
The444,1,test
The456,1,test
The460,1,test
The465,1,test
The467,1,test
The471,1,test
The473,1,test
The476,1,test
The481,1,test
The493,1,test
The504,1,test
The506,1,test
The519,1,test
The534,1,test
The535,1,test
The559,1,test
The560,1,test
The563,1,test
The565,1,test
The580,1,test
The581,1,test
The584,1,test
The586,1,test
The599,1,test
The602,1,test
The623,1,test
The632,1,test
The641,1,test
The642,1,test
The648,1,test
The656,1,test
The663,1,test
The664,1,test
The707,1,test
The709,1,test
The712,1,test
The717,1,test
The723,1,test
The727,1,test
The728,1,test
The741,1,test
The780,1,test
The787,1,test
The788,1,test
The793,1,test
The809,1,test
The813,1,test
The815,1,test
The822,1,test
The846,1,test
The877,1,test
The892,1,test
The909,1,test
The931,1,test
The932,1,test
The933,1,test
The939,1,test
The1009,1,test
The1051,1,test
The1076,1,test
The1079,1,test
The1083,1,test
The1092,1,test
The1099,1,test
The1101,1,test
The1106,1,test
The1108,1,test
The1112,1,test
The1150,1,test
The1160,1,test
The1165,1,test
The1172,1,test
The1173,1,test
The1174,1,test
The1186,1,test
The1187,1,test
The1192,1,test
The1201,1,test
The1208,1,test
The1217,1,test
The1226,1,test
The1232,1,test
The1236,1,test
The1246,1,test
The1269,1,test
The1275,1,test
The1290,1,test
The1292,1,test
The1301,1,test
The1315,1,test
The1316,1,test
The1320,1,test
The1324,1,test
ALBA1_AERPE,1,test
APE2_AERPE,1,test
AROD_AERPE,1,test
ENDA_AERPE,1,test
GATA_AERPE,1,test
GLMS_AERPE,1,test
GLYA_AERPE,1,test
IF1A_AERPE,1,test
MDH_AERPE,1,test
MPGP_AERPE,1,test
PCNA1_AERPE,1,test
PCNA2_AERPE,1,test
PPCK_AERPE,1,test
PPSA_AERPE,1,test
PYRB_AERPE,1,test
PYRF_AERPE,1,test
RGYR1_AERPE,1,test
RL13E_AERPE,1,test
RL13_AERPE,1,test
RL15E_AERPE,1,test
RL19_AERPE,1,test
RL5_AERPE,1,test
RNP3_AERPE,1,test
RPOD_AERPE,1,test
RPOH_AERPE,1,test
RPOL_AERPE,1,test
RS17E_AERPE,1,test
RS17_AERPE,1,test
RS24_AERPE,1,test
RS28_AERPE,1,test
RS6E_AERPE,1,test
SECE_AERPE,1,test
SYR_AERPE,1,test
TRPA_AERPE,1,test
TRPE_AERPE,1,test
VATD_AERPE,1,test
VATI_AERPE,1,test
COOS_ARCFU,1,test
DAPF_ARCFU,1,test
EGSA_ARCFU,1,test
FURH_ARCFU,1,test
HIS1_ARCFU,1,test
HIS82_ARCFU,1,test
KORC_ARCFU,1,test
OGT_ARCFU,1,test
PFDA_ARCFU,1,test
PHOU_ARCFU,1,test
PSD_ARCFU,1,test
PYRC_ARCFU,1,test
SYP_ARCFU,1,test
SYR_ARCFU,1,test
SYV_ARCFU,1,test
TRPE_ARCFU,1,test
VATC_ARCFU,1,test
ADEC_METJA,1,test
BIOA_METJA,1,test
BIOW_METJA,1,test
FRHD_METJA,1,test
FWDD_METJA,1,test
FWDF_METJA,1,test
GATA_METJA,1,test
HIS1_METJA,1,test
IMDH_METJA,1,test
MCH_METJA,1,test
MCRB_METJA,1,test
MCRZ_METJA,1,test
MRE11_METJA,1,test
RGYR_METJA,1,test
RNP4_METJA,1,test
SYK_METJA,1,test
TOP1_METJA,1,test
VHUB_METJA,1,test
ACDE_METKA,1,test
APGM_METKA,1,test
AROD_METKA,1,test
BRIX_METKA,1,test
DAPB_METKA,1,test
ECR1_METKA,1,test
ENDA_METKA,1,test
G3P_METKA,1,test
GATD_METKA,1,test
GSA_METKA,1,test
HEM3_METKA,1,test
HTPX_METKA,1,test
KPRS_METKA,1,test
KTHY_METKA,1,test
MTRF_METKA,1,test
PGP_METKA,1,test
PRIL_METKA,1,test
PRIS_METKA,1,test
PUR7_METKA,1,test
PURO_METKA,1,test
RFCL_METKA,1,test
RL18E_METKA,1,test
RPOL_METKA,1,test
RS4E_METKA,1,test
SECG_METKA,1,test
SUI1_METKA,1,test
TRUA_METKA,1,test
TRUD_METKA,1,test
UPPP_METKA,1,test
Y057_METKA,1,test
Y1213_METKA,1,test
Y1408_METKA,1,test
Y1453_METKA,1,test
Y1586_METKA,1,test
Y939_METKA,1,test
Y977_METKA,1,test
AROD_PYRAE,1,test
CCA_PYRAE,1,test
COAD_PYRAE,1,test
COBS_PYRAE,1,test
GCH3_PYRAE,1,test
HEM1_PYRAE,1,test
HIS5_PYRAE,1,test
IF2A_PYRAE,1,test
RF1_PYRAE,1,test
RL31_PYRAE,1,test
RL32_PYRAE,1,test
RL37A_PYRAE,1,test
SURE2_PYRAE,1,test
SYR_PYRAE,1,test
TRPD_PYRAE,1,test
CDR_PYRAB,1,test
CRCB_PYRAB,1,test
FTSZ2_PYRAB,1,test
LYSK_PYRAB,1,test
PGK2_PYRAB,1,test
PPNK_PYRAB,1,test
PUR1_PYRAB,1,test
RPOL_PYRAB,1,test
SECG_PYRAB,1,test
SYW_PYRAB,1,test
TRPF_PYRAB,1,test
VATA_PYRAB,1,test
ACAC_PYRFU,1,test
ARLY_PYRFU,1,test
IDI2_PYRFU,1,test
RL3_PYRFU,1,test
RS5_PYRFU,1,test
AMPM_SULSO,1,test
AROB_SULSO,1,test
GATC_SULSO,1,test
GLPK1_SULSO,1,test
HIS5_SULSO,1,test
KHSE_SULSO,1,test
LEU11_SULSO,1,test
PYRC_SULSO,1,test
PYRD_SULSO,1,test
PYRF_SULSO,1,test
RS24_SULSO,1,test
SECE_SULSO,1,test
SFSA_SULSO,1,test
SYFA_SULSO,1,test
THIC1_SULSO,1,test
TRI_SULSO,1,test
CARA_SULTO,1,test
LYSX_SULTO,1,test
PCNA3_SULTO,1,test
PGK_SULTO,1,test
RAD50_SULTO,1,test
RL18E_SULTO,1,test
TOP6A_SULTO,1,test
TPIS_SULTO,1,test
AROB_THEAC,1,test
AROE_THEAC,1,test
DCUP_THEAC,1,test
IF2B_THEAC,1,test
KPRS_THEAC,1,test
RL18_THEAC,1,test
RNZ_THEAC,1,test
RPOA2_THEAC,1,test
SYFB_THEAC,1,test
SYK_THEAC,1,test
SYL_THEAC,1,test
TRPC_THEAC,1,test
VATC_THEAC,1,test
CCA_THEVO,1,test
COBS_THEVO,1,test
ENDA_THEVO,1,test
PURA_THEVO,1,test
RADB_THEVO,1,test
RL24_THEVO,1,test
SYA_THEVO,1,test
TRPF_THEVO,1,test
ARGB_THEMA,1,test
BGAL_THEMA,1,test
CLPP_THEMA,1,test
CLPX_THEMA,1,test
DEOB_THEMA,1,test
DXR_THEMA,1,test
FLID_THEMA,1,test
GAL7_THEMA,1,test
GIDB_THEMA,1,test
GREA_THEMA,1,test
IF3_THEMA,1,test
LNT_THEMA,1,test
MUTS2_THEMA,1,test
MUTS_THEMA,1,test
OXAA_THEMA,1,test
PAND_THEMA,1,test
PHOU1_THEMA,1,test
PLSX_THEMA,1,test
PYRB_THEMA,1,test
PYRD_THEMA,1,test
RBFA_THEMA,1,test
RECA_THEMA,1,test
RL13_THEMA,1,test
RL21_THEMA,1,test
RL27_THEMA,1,test
RL35_THEMA,1,test
RL5_THEMA,1,test
RL9_THEMA,1,test
RUVC_THEMA,1,test
SFSA_THEMA,1,test
TRMB_THEMA,1,test
TRPG_THEMA,1,test
UPPP_THEMA,1,test
Y1556_THEMA,1,test
APGM_THET2,1,test
CH60_THET2,1,test
DXR_THET2,1,test
FUMC_THET2,1,test
GATC_THET8,1,test
HAM1_THET2,1,test
HISZ_THET2,1,test
ILVC_THET2,1,test
KGUA_THET2,1,test
CCA_SULAC,1,test
DOCK_SULAC,1,test
GPT_SULAC,1,test
METE_SULAC,1,test
CDC62_METTH,1,test
CYSR_SYNY3,0,test
HAM1_CHLTR,0,test
Mes487,0,test
FABF_SYNY3,0,test
ENGC_LACLA,0,test
Mes956,0,test
Mes625,0,test
BCEB_BACHD,0,test
LCN2_LACLA,0,test
Mes161,0,test
HEMH_LACLA,0,test
HMP_BACHD,0,test
IF2_LACLA,0,test
Mes71,0,test
GLMS_SYNY3,0,test
HISX_DEIRA,0,test
IDI_SHIFL,0,test
KITH_MYCGE,0,test
Mes546,0,test
ADEC_BACHD,0,test
FADB_YERPE,0,test
LOLB_SHIFL,0,test
Mes552,0,test
CCDA_BACHD,0,test
HRCA_BACHD,0,test
Mes894,0,test
PTMA_BACHD,0,test
HIS2_YERPE,0,test
TRMD_CHLTR,0,test
MUKF_SHIFL,0,test
GLSA_SYNY3,0,test
Mes326,0,test
RPOZ_DEIRA,0,test
Mes443,0,test
RS9_RICPR,0,test
HRCA_CHLTR,0,test
SYG_DEIRA,0,test
PTH_DEIRA,0,test
Mes1193,0,test
ARGR_YERPE,0,test
ILVB_LACLA,0,test
YAAA_SHIFL,0,test
NUOG_YERPE,0,test
Mes204,0,test
Mes416,0,test
DAPA_CHLTR,0,test
TLCB_RICPR,0,test
PYRG_RICPR,0,test
Mes662,0,test
BIOD_YERPE,0,test
GLK_SYNY3,0,test
CHLI_SYNY3,0,test
TSX_SHIFL,0,test
Mes104,0,test
FUCA_ECOLI,0,test
SSPO_BACHD,0,test
Mes332,0,test
TYRP_SHIFL,0,test
OMPB_RICPR,0,test
YEBN_SHIFL,0,test
ARLY_DEIRA,0,test
PRIM_ECOLI,0,test
YCIA_SHIFL,0,test
DGTP_YERPE,0,test
RIR2_BACHD,0,test
PYRF_SHIFL,0,test
GIDB_DEIRA,0,test
Mes176,0,test
YCJO_ECOLI,0,test
Mes1012,0,test
LTRA_LACLC,0,test
G6PI_CHLTR,0,test
DGT1B_DEIRA,0,test
NPD_BACHD,0,test
UVRC_CHLTR,0,test
RUVA_RICPR,0,test
RL14_DEIRA,0,test
GPMA_SHIFL,0,test
ARGO_SHIFL,0,test
EFTS_YERPE,0,test
NAMA_BACHD,0,test
Mes863,0,test
DNLJ_CHLTR,0,test
CBIX_SYNY3,0,test
THIM_LACLA,0,test
CCMK4_SYNY3,0,test
METX_DEIRA,0,test
Mes1097,0,test
DRGA_SYNY3,0,test
Mes1051,0,test
Mes983,0,test
MXIJ_SHIFL,0,test
Mes651,0,test
LEU22_DEIRA,0,test
Mes922,0,test
NADD_YERPE,0,test
RL1_MYCGE,0,test
TAM_YERPE,0,test
PYRE_DEIRA,0,test
CARX_BACHD,0,test
FMT_YERPE,0,test
THIK_SHIFL,0,test
Mes918,0,test
DPO1_RICPR,0,test
SYM_MYCGE,0,test
ATPF_SYNY3,0,test
Mes498,0,test
PTV3B_BACHD,0,test
YQJA_SHIFL,0,test
PQQCL_CHLTR,0,test
MURI_LACLA,0,test
KTHY_SHIFL,0,test
NTRB_ECOLI,0,test
HPRT_MYCGE,0,test
LSPA_RICPR,0,test
6PGL_YERPE,0,test
RUVA_DEIRA,0,test
Mes344,0,test
GP6D_CHLTR,0,test
SFSA_YERPE,0,test
HDED_ECOLI,0,test
Mes469,0,test
KITH_SHIFL,0,test
RL29_RICPR,0,test
BIOD_SYNY3,0,test
MREB_SHIFL,0,test
Mes192,0,test
PHOQ_SHIFL,0,test
Mes1085,0,test
XGPT_SHIFL,0,test
NDPA_SHIFL,0,test
RS1_RICPR,0,test
HIS8_YERPE,0,test
FRLD_SHIFL,0,test
AROE_YERPE,0,test
DPO3A_YERPE,0,test
RL32_CHLTR,0,test
RL18_CHLTR,0,test
DEF_RICPR,0,test
Mes194,0,test
KDTA_CHLTR,0,test
Mes499,0,test
HIS1_LACLA,0,test
RS6_CHLTR,0,test
MALT_YERPE,0,test
HTPG_BACHD,0,test
Mes548,0,test
TRKH_ECOLI,0,test
GATC_LACLA,0,test
SYK_RICPR,0,test
RL13_MYCGE,0,test
RS6_LACLA,0,test
Mes306,0,test
SYV_DEIRA,0,test
MRAZ_BACHD,0,test
GIDB_RICPR,0,test
EFTS_MYCGE,0,test
Mes1079,0,test
Mes620,0,test
MECA2_BACHD,0,test
Mes1154,0,test
SSPH_BACHD,0,test
MURI_DEIRA,0,test
PABB_LACLA,0,test
TRUD_SHIFL,0,test
CLS_BACHD,0,test
PCRB_BACHD,0,test
USP45_LACLC,0,test
Mes165,0,test
Mes179,0,test
Mes100,0,test
JAG_BACHD,0,test
ACP_RICPR,0,test
Mes181,0,test
CLPB1_SYNY3,0,test
CHAB_ECOLI,0,test
ARGR_DEIRA,0,test
MOAA_BACHD,0,test
GLGC_SYNY3,0,test
Mes460,0,test
GPMI_SYNY3,0,test
Mes1031,0,test
POTC_SHIFL,0,test
RBSR_LACLA,0,test
Mes505,0,test
GP6R_CHLTR,0,test
FABI_RICPR,0,test
ARGE_YERPE,0,test
MURB_LACLA,0,test
OPPD_MYCGE,0,test
ICSA_SHIFL,0,test
SYFB_MYCGE,0,test
CAAL_SHIFL,0,test
RS10_DEIRA,0,test
MDTO_SHIFL,0,test
RMUC_YERPE,0,test
FTSK_CHLTR,0,test
Mes536,0,test
ACON2_SYNY3,0,test
Mes289,0,test
RECU_MYCGE,0,test
DPO3E_RICPR,0,test
GLNA_SYNY3,0,test
ALF1_SYNY3,0,test
Mes1081,0,test
CYSJ_YERPE,0,test
TRPF_DEIRA,0,test
INCF_CHLTR,0,test
RIR2_MYCGE,0,test
Mes268,0,test
NARH_SHIFL,0,test
Mes691,0,test
SMG_SHIFL,0,test
Mes1119,0,test
RL15_CHLTR,0,test
CSD_SYNY3,0,test
Mes704,0,test
TIG_DEIRA,0,test
DMSB_SHIFL,0,test
SPAR_SHIFL,0,test
RL20_MYCGE,0,test
ARCC_SYNY3,0,test
YNFA_SHIFL,0,test
Mes168,0,test
Mes1229,0,test
YOHK_ECOLI,0,test
RHTB_ECOLI,0,test
Mes248,0,test
CYDA_ECOLI,0,test
NUOK_ECOLI,0,test
PNP_RICPR,0,test
PANB_DEIRA,0,test
Mes1008,0,test
ATPE_RICPR,0,test
URE1_YERPE,0,test
Mes605,0,test
HSLO_YERPE,0,test
GLPF_SHIFL,0,test
RL6_RICPR,0,test
RECN_RICPR,0,test
DPO1_SYNY3,0,test
XYLB_LACLA,0,test
RL23_CHLTR,0,test
END3_SYNY3,0,test
Mes237,0,test
SYD_RICPR,0,test
CCME_SHIFL,0,test
HISX_YERPE,0,test
SYH_RICPR,0,test
GPH_YERPE,0,test
Mes1039,0,test
OPPB_ECOLI,0,test
LEUD1_DEIRA,0,test
CLCA_YERPE,0,test
PKND_CHLTR,0,test
RNR_SHIFL,0,test
CEO1_LACLA,0,test
YJCH_ECOLI,0,test
NAGZ_YERPE,0,test
PHNC_SHIFL,0,test
MLER_LACLA,0,test
PYRDB_LACLA,0,test
LYSK_DEIRA,0,test
CBPM_SHIFL,0,test
HOLE_ECOLI,0,test
COAD_DEIRA,0,test
CLPS_YERPE,0,test
RS8_CHLTR,0,test
ASNC_ECOLI,0,test
EFP_LACLA,0,test
CY550_SYNY3,0,test
Y538_CHLTR,0,test
RS15_RICPR,0,test
TLCD_RICPR,0,test
Mes184,0,test
CHLL_SYNY3,0,test
NUON_RICPR,0,test
PSPC_ECOLI,0,test
CRCB3_YERPE,0,test
VATI_DEIRA,0,test
CORA_ECOLI,0,test
IDI2_LACLA,0,test
GLPO_LACLA,0,test
NUPG_ECOLI,0,test
COBD_SYNY3,0,test
MINC_DEIRA,0,test
Mes805,0,test
Mes113,0,test
Mes202,0,test
BUK_DEIRA,0,test
Mes821,0,test
LCN3_LACLA,0,test
Mes965,0,test
CITS_BACHD,0,test
TRME_SHIFL,0,test
Mes817,0,test
PEPF_MYCGE,0,test
ARGR_LACLA,0,test
MANA_SHIFL,0,test
MRAZ_RICPR,0,test
Mes1083,0,test
TOP1_MYCGE,0,test
SCO22_RICPR,0,test
HSLO_BACHD,0,test
DXS_CHLTR,0,test
RS3_DEIRA,0,test
Mes198,0,test
BPHY_DEIRA,0,test
HYPC_SHIFL,0,test
RCSB_SHIFL,0,test
NADB_BACHD,0,test
SYP_MYCGE,0,test
DCDA_DEIRA,0,test
SCPA_MYCGE,0,test
DSPA_SYNY3,0,test
LCFA_YERPE,0,test
Mes1035,0,test
DCUS_SHIFL,0,test
FLIL_ECOLI,0,test
PUR8_DEIRA,0,test
RNB_SHIFL,0,test
PAL_SHIFL,0,test
ATP6_RICPR,0,test
BETB_YERPE,0,test
Mes908,0,test
FKBB_SHIFL,0,test
PTFC_SHIFL,0,test
DAPB_SHIFL,0,test
RUVC_DEIRA,0,test
PARC_RICPR,0,test
Mes1088,0,test
SECD_RICPR,0,test
RS11_CHLTR,0,test
Mes982,0,test
MRAZ_MYCGE,0,test
ACPS_MYCGE,0,test
Mes960,0,test
RS18_MYCGE,0,test
MVIN_CHLTR,0,test
KDGL_ECOLI,0,test
ATPL_RICPR,0,test
DXR_DEIRA,0,test
EVGA_ECOLI,0,test
EFP1_CHLTR,0,test
Mes591,0,test
CYSZ_SHIFL,0,test
DHSD_ECOLI,0,test
RNFA_YERPE,0,test
ARODE_CHLTR,0,test
Mes456,0,test
ZUR_ECOLI,0,test
ALR_BACHD,0,test
DJLA_YERPE,0,test
FTSH_MYCGE,0,test
SYC_DEIRA,0,test
T904_LACLA,0,test
DAPE_ECOLI,0,test
Mes1040,0,test
DEF_MYCGE,0,test
UBIE_LACLA,0,test
Mes709,0,test
P32_MYCGE,0,test
DHSO_BACHD,0,test
NUSB_CHLTR,0,test
THII_YERPE,0,test
GPMA_CHLTR,0,test
CAIF_ECOLI,0,test
Mes437,0,test
HISM_ECOLI,0,test
MARC_ECOLI,0,test
UPP_MYCGE,0,test
